Title,Artist,Type
(Don't Fear) The Reaper,Blue Öyster Cult,Banger!
(Dont Fear) the Reaper,Blue Öyster Cult,Banger!
(Everything I Do) I Do It For You,Bryan Adams,Ballad!
(Ghost) Riders in the Sky,Johnny Cash,Banger!
(Ghost) Riders in the Sky,Vaughn Monroe,Banger!
(I Can't Get No) Satisfaction,The Rolling Stones,Happy!
(I Can't Get No) Satisfaction',The Rolling Stones,Rock!
(I Just) Died In Your Arms,Cutting Crew,Soulful!
(I Just) Died in Your Arms Tonight,Cutting Crew,Soulful!
(I Left My Heart in) San Francisco,Tony Bennett,Soulful!
(I'll Never Be) Maria Magdalena,Sandra,Banger!
(I've Had) The Time Of My Life,Dirty Dancing,Happy!
(Just Like) Starting Over,John Lennon,Ballad!
(Let Me Be Your) Teddy Bear,Elvis Presley,Banger!
(Now & then There's) A Fool Such As I,Elvis Presley,Soulful!
(Sexual) Healing,Marvin Gaye,Soulful!
(Shake Shake Shake) Shake Your Booty,KC & The Sunshine Band,Banger!
(Sittin' On) The Dock Of The Bay,Otis Redding,Banger!
(There'll Be Bluebirds Over) the White Cliffs of Dover,Vera Lynn,Ballad!
(They Long To Be) Close To You,The Carpenters,Banger!
(Un Dos Tres) Maria,Ricky Martin,Banger!
(What A) Wonderful World,Louis Armstrong,Soulful!
(You Drive Me) Crazy,Britney Spears,Banger!
(You Gotta) Fight For Your Right (To Party!),The Beastie Boys,Rock!
(You Keep Me) Hangin' On,Kim Wilde,Banger!
(You Make Me Feel Like) a Natural Woman,Aretha Franklin,Happy!
(You're The) Devil In Disguise,Elvis Presley,Banger!
...Baby One More Time,Britney Spears,Happy!
...Ready For It?,Taylor Swift,Banger!
1 Thing,Amerie,Happy!
1-2 Step,Ciara & Missy 'Misdemeanor' Elliot,Happy!
10 Years,Daði Freyr,Happy!
12 to 12,sombr,Banger!
19-2000,Gorillaz,Banger!
1999,Prince,Happy!
2 Become 1,Spice Girls,Banger!
2 On (feat. ScHoolboy Q),Tinashe,Duet!
2002,Anne-Marie,Banger!
22,Taylor Swift,Banger!
22 (Twenty Two),Taylor Swift,Banger!
24K Magic,Bruno Mars,Banger!
4 Non Blondes,What's Up,Happy!
50 Ways to Leave Your Lover,Paul Simon,Soulful!
500 Miles (I'm Gonna Be),Proclaimers,Rock!
500lbs,Lil Tecca,Banger!
505,Arctic Monkeys,Rock!
7 Days,Craig David,Banger!
7 rings,Ariana Grande,Banger!
7 Years,Lukas Graham,Banger!
9,Drake,Banger!
9 To 5,Dolly Parton,Happy!
99 Red Balloons,Nena,Banger!
A Bar Song (Tipsy),Shaboozey,Banger!
A Boy Named Sue,Johnny Cash,Banger!
A Change Is Gonna Come,Sam Cooke,Soulful!
A Day In The Life,The Beatles,Banger!
A Hard Day's Night,The Beatles,Happy!
A Horse with No Name,America,Banger!
A Little Less Conversation,Elvis Presley & JXL,Banger!
A Little Less Conversation - JXL Radio Edit Remix,Elvis Presley,Banger!
a lot,21 Savage,Banger!
A New Kind Of Love - Demo,Frou Frou,Ballad!
A Sky Full of Stars,Coldplay,Soulful!
A Thousand Miles,Vanessa Carlton,Soulful!
A Thousand Years,Christina Perri,Happy!
A View to a Kill,Duran Duran,Banger!
A Whiter Shade of Pale,Procol Harum,Soulful!
A Whole New World,Aladdin,Duet!
A Whole New World (Aladdin's Theme),Regina Belle & Peabo Bryson,Duet!
ABBA,Waterloo,Banger!
ABC,The Jackson 5,Banger!
About You,The 1975,Rock!
About You Now,Sugababes,Soulful!
Abracadabra,Lady Gaga,Banger!
Acceptable in the 80's,Calvin Harris,Banger!
Ace Of Spades,Motorhead,Rock!
Achy Breaky Heart,Billy Ray Cyrus,Banger!
Actually Romantic,Taylor Swift,Banger!
Adagio (English Version),Lara Fabian,Soulful!
Adore You,Harry Styles,Soulful!
Adventure of a Lifetime,Coldplay,Happy!
Africa,Toto,Banger!
After Hours,The Weeknd,Soulful!
After The Storm (feat. Tyler， The Creator & Bootsy Collins),Kali Uchis,Duet!
Again (feat. XXXTENTACION),Noah Cyrus,Duet!
Against All Odds (Take a Look At Me Now),Phil Collins,Soulful!
Against All Odds (Take A Look at Me Now) (feat. Westlife),Mariah Carey,Duet!
Ai Se Eu Te Pego - Live,Michel Teló,Banger!
Aicha,Outlandish,Soulful!
Ain't It Funny,Jennifer Lopez,Soulful!
Ain't No Mountain High Enough,Marvin Gaye and Tami Terrell,Happy!
Ain't No Other Man,Christina Aguilera,Happy!
Ain't No Sunshine,Bill Withers,Soulful!
Ain't Nobody,Chaka Khan,Banger!
Ain't Nobody's Business,Billie Holiday,Banger!
Ain't That A Kick In The Head,Dean Martin,Banger!
Ain't Too Proud to Beg,The Temptations,Happy!
Aint No Sunshine,Bill Withers,Soulful!
Airplanes,BoB & Hayley Williams,Duet!
Airplanes (feat. Hayley Williams of Paramore),B.o.B,Duet!
Alejandro,Lady Gaga,Banger!
All About That Bass,Meghan Trainor,Happy!
All Along the Watchtower,The Jimi Hendrix Experience,Rock!
All By Myself,Céline Dion,Banger!
All For Love,Bryan Adams Rod Stewart & Sting,Duet!
All For You,Janet Jackson,Happy!
All I Have To Do Is Dream,The Everly Brothers,Banger!
All I Have to Give,The Backstreet Boys,Ballad!
All I Need,Radiohead,Rock!
All I Wanna Do,Sheryl Crow,Soulful!
All I Wanna Do is Make Love to You,Heart,Ballad!
All I Want,Kodaline,Banger!
All I Want - From High School Musical: The Musical: The Series,Olivia Rodrigo,Banger!
All I Want For Christmas Is You,Mariah Carey,Banger!
All My Life,Foo Fighters,Rock!
All My Loving,The Beatles,Happy!
All Night,Beyoncé,Duet!
All Night Long,Lionel Richie,Happy!
All Night Long (All Night),Lionel Richie,Happy!
All of Me,Louis Armstrong,Soulful!
All of Me,John Legend,Soulful!
All Of The Lights,Kanye West,Happy!
All Rise,Blue,Soulful!
All Shook Up,Elvis Presley,Happy!
All Star,Smash Mouth,Happy!
All That Jazz,Chicago (The Movie),Banger!
All the Man That I Need,Whitney Houston,Soulful!
All The Small Things,blink-182,Rock!
All The Small Things,Blink 182,Rock!
All The Stars (with SZA),Kendrick Lamar,Duet!
All The Stars (with SZA) - From Black Panther: The Album,Kendrick Lamar,Duet!
All The Things She Said,t.A.T.u.,Banger!
All Too Well (10 Minute Version) (Taylor's Version) (From The Vault),Taylor Swift,Ballad!
All You Need is Love,The Beatles,Happy!
Alone,Heart,Soulful!
Alors on danse - Radio Edit,Stromae,Happy!
Always Be My Baby,Mariah Carey,Soulful!
Always Forever,Cults,Ballad!
Always Look On The Bright Side Of Life,Monty Python,Happy!
Always on my mind,Elvis,Banger!
Always On My Mind,Willie Nelson,Soulful!
Always On Time,Ja Rule & Ashanti,Duet!
Always Remember Us This Way,Lady Gaga,Banger!
Am I Wrong,Nico & Vinz,Banger!
AM To PM,Christina Milian,Banger!
Amazing,George Michael,Soulful!
American Boy,Estelle,Banger!
American Idiot,Green Day,Rock!
American Pie,Don McLean,Soulful!
American Pie,Madonna,Soulful!
American Trilogy,Elvis Presley,Banger!
Anaconda,Nicki Minaj,Banger!
Anarchy in the U.K.,The Sex Pistols,Rock!
Anarchy In The UK,Sex Pistols,Rock!
And the Beat Goes On,Sonny & Cher,Duet!
Angel,Shaggy,Happy!
Angel,Aerosmith,Soulful!
Angels,Robbie Williams,Ballad!
Angels Like You,Miley Cyrus,Banger!
Animal I Have Become,Three Days Grace,Banger!
Animals,Maroon 5,Duet!
Annie's Song,John Denver,Banger!
Another Brick in the Wall (part 2),Pink Floyd,Rock!
Another Brick In The Wall Part 2,Pink Floyd,Rock!
Another Day In Paradise,Phil Collins,Soulful!
Another Day in Paradise - 2016 Remaster,Phil Collins,Soulful!
Another Love,Tom Odell,Ballad!
Another One Bites the Dust,Queen,Rock!
Another One Bites The Dust - Remastered 2011,Queen,Rock!
Anti-Hero,Taylor Swift,Happy!
Anxiety,Doechii,Banger!
Any Time Any Place,Janet Jackson,Soulful!
anything,Adrianne Lenker,Banger!
Anywhere Is,Enya,Ballad!
Apologize,Timbaland & OneRepublic,Banger!
APT.,ROSÉ,Banger!
Are You Lonesome Tonight?,Elvis Presley,Soulful!
Around the World,Daft Punk,Banger!
Art Deco,Lana Del Rey,Soulful!
As Good As I Once Was,Toby Keith,Soulful!
As It Was,Harry Styles,Happy!
As Long As You Love Me,The Backstreet Boys,Ballad!
At Last,Etta James,Soulful!
Atlantis,Seafret,Banger!
Atomic,Blondie,Banger!
Attention,Charlie Puth,Banger!
august,Taylor Swift,Ballad!
Austin (Boots Stop Workin'),Dasha,Banger!
Autobahn,Kraftwerk,Soulful!
Autumn Leaves,Nat King Cole,Banger!
Autumn Leaves (Les Feuilles Mortes),Roger Williams,Soulful!
Ave Maria,Beyonce,Soulful!
Azizam,Ed Sheeran,Soulful!
Baby,Justin Bieber & Ludacris,Duet!
Baby,Justin Bieber,Banger!
Baby Boy,Beyonce,Banger!
Baby Boy (feat. Sean Paul),Beyoncé,Duet!
Baby Can I Hold You,Tracy Chapman,Banger!
Baby Don't Hurt Me,David Guetta,Happy!
Baby Got Back,Sir Mix-a-Lot,Happy!
Baby Got Back [Explicit],Sir Mix A Lot,Banger!
Baby I Love You,Aretha Franklin,Banger!
Baby It's Cold Outside,Dean Martin,Banger!
Baby One More Time,Britney Spears,Banger!
Back In Black,AC/DC,Rock!
Back On 74,Jungle,Banger!
Back To Black,Amy Winehouse,Happy!
back to friends,sombr,Banger!
Back to the Old House - 2011 Remaster,The Smiths,Banger!
Bad,Michael Jackson,Banger!
Bad At Love,Halsey,Ballad!
Bad Blood,Taylor Swift & Kendrick Lamar,Duet!
Bad Day,Daniel Powter,Soulful!
Bad Dreams,Teddy Swims,Soulful!
Bad Girls,Donna Summer,Banger!
Bad Girls,M.I.A,Banger!
bad guy,Billie Eilish,Banger!
Bad Habit,Steve Lacy,Banger!
Bad Habits,Ed Sheeran,Soulful!
Bad Liar,Imagine Dragons,Banger!
Bad Medicine,Bon Jovi,Rock!
Bad Moon Rising,Creedence Clearwater Revival,Rock!
Bad Romance,Lady Gaga,Banger!
Bad Touch,Bloodhound Gang,Banger!
Bag Lady,Erykah Badu,Soulful!
Bailamos,Enrique Iglesias,Happy!
Bailando - Spanish Version,Enrique Iglesias,Happy!
BAILE INoLVIDABLE,Bad Bunny,Banger!
Ballad of Davy Crockett,Bill Hayes,Banger!
Banana Boat Song,Harry Belafonte,Happy!
Bang Bang,Jessie J,Banger!
Bang Bang,Jessie J & Ariana Grande & Nicki Minaj,Duet!
Bangarang (feat. Sirah),Skrillex,Banger!
Barbie Girl,Aqua,Happy!
Barbra Streisand,Duck Sauce,Banger!
Barbra Streisand - Radio Edit,Duck Sauce,Banger!
Barracuda,Heart,Banger!
Basket Case,Green Day,Rock!
Be Faithful,Fatman Scoop,Happy!
Be My Lover,La Bouche,Happy!
Be The One,Dua Lipa,Happy!
Be With You,Enrique Iglesias,Soulful!
Be Without You,Mary J Blige,Soulful!
Beat It,Michael Jackson,Banger!
Beautiful,Christina Aguilera,Soulful!
Beautiful Day,U2,Rock!
Beautiful Girls,Sean Kingston,Happy!
Beautiful Liar,Beyonce & Shakira,Duet!
Beautiful Things,Benson Boone,Banger!
Beauty & the Beast,Celine Dion & Peabo Bryson,Duet!
Beauty & The Beast (Duet),Celine Dion,Duet!
Beauty And A Beat,Justin Bieber,Banger!
Because I Got High,Afroman,Banger!
because i liked a boy,Sabrina Carpenter,Happy!
Because Of You,Kelly Clarkson,Soulful!
Because Of You,Ne-Yo,Soulful!
Because of You,Tony Bennett,Soulful!
Bed Chem,Sabrina Carpenter,Happy!
Bed Of Roses,Bon Jovi,Soulful!
Been Like This,Doja Cat,Banger!
Beep,The Pussycat Dolls & Will.I.Am,Duet!
Before He Cheats,Carrie Underwood,Soulful!
Before You Go,Lewis Capaldi,Soulful!
Beggin (original version),Madcon,Happy!
Beggin',Madcon,Banger!
Beggin',Måneskin,Rock!
Behind Blue Eyes,Limp Bizkit,Soulful!
Belfast,Boney M,Banger!
Believe,Cher,Banger!
Best Day Of My Life,American Authors,Banger!
Best of You,Foo Fighters,Rock!
Better in Time,Leona Lewis,Soulful!
Better Me For You (Brown Eyes),Max McNown,Banger!
Better Now,Post Malone,Banger!
Better Off Alone,Alice Deejay,Banger!
Better Off Alone,DJ Jurgen & Alice DeeJay,Happy!
Bicycle Race,Queen,Rock!
Big City Life,Mattafix,Soulful!
Big Girls Don't Cry,Fergie,Soulful!
Big Girls Don't Cry (Personal),Fergie,Soulful!
Big in Japan,Alphaville,Banger!
Big Pimpin',JAY-Z,Banger!
Big Poppa,Notorious BIG,Banger!
Billie Jean,Michael Jackson,Banger!
BIRDS OF A FEATHER,Billie Eilish,Soulful!
Bit__ Better Have My Money,Rihanna,Banger!
Bitch Better Have My Money,Rihanna,Banger!
Bitter Sweet Symphony,The Verve,Soulful!
Bitter Sweet Symphony,Verve,Soulful!
Bitter Sweet Symphony - Remastered 2016,The Verve,Soulful!
BITTERSUITE,Billie Eilish,Soulful!
Black Betty,Ram Jam,Rock!
Black Dog,Led Zeppelin,Rock!
Black Hole Sun,Soundgarden,Soulful!
Black Magic,Little Mix,Banger!
Black Magic Woman,Santana,Soulful!
Black Or White,Michael Jackson,Banger!
Blame (feat. John Newman),Calvin Harris,Duet!
Blame It On The Boogie,Jackson 5,Banger!
Blank Space,Taylor Swift,Happy!
Blaze of Glory,Bon Jovi,Rock!
Bleed It Out,Linkin Park,Banger!
Blinded By the Light,Manfred Mann's Earth Band,Happy!
Blinding Lights,The Weeknd,Soulful!
Blitzkrieg Bop,Ramones,Rock!
bloodline,Ariana Grande,Banger!
Bloodline,Alex Warren,Banger!
Blowin' in the Wind,Bob Dylan,Soulful!
Blown Away,Carrie Underwood,Banger!
blue,yung kai,Banger!
BLUE,Billie Eilish,Soulful!
Blue Hair,TV Girl,Banger!
Blue Moon of Kentucky,Bill Monroe,Soulful!
Blue Moon Of Kentucky,Elvis Presley,Banger!
Blue Suede Shoes,Carl Perkins,Banger!
Blue Suede Shoes,Elvis Presley,Banger!
Blueberry Hill,Fats Domino,Banger!
Blurred Lines,Robin Thicke T.I. & Pharrell Williams,Banger!
Blurred Lines,Robin Thicke,Banger!
BMF,SZA,Soulful!
Body Party,Ciara,Ballad!
Bohemian Rhapsody,Queen,Rock!
Bohemian Rhapsody - Remastered 2011,Queen,Rock!
Bones,Imagine Dragons,Banger!
Boogie Nights,Heatwave,Happy!
Boogie Wonderland,Earth Wind & Fire,Happy!
Boom Boom,John Lee Hooker,Soulful!
Boom Boom Boom Boom,Vengaboys,Banger!
Boom Boom Boom Boom,The Vengaboys,Happy!
Boombastic,Shaggy,Happy!
Bootylicious,Destiny's Child,Banger!
Borderline,Tame Impala,Rock!
Bored,Billie Eilish,Soulful!
Born in the U.S.A.,Bruce Springsteen,Rock!
Born in the USA,Bruce Springsteen,Rock!
Born This Way,Lady Gaga,Banger!
Born To Be Wild,Steppenwolf,Rock!
Born To Die,Lana Del Rey,Soulful!
Born to Make You Happy,Britney Spears,Soulful!
Born to Run,Bruce Springsteen,Rock!
Bossy,Kelis,Banger!
Botella Tras Botella,Gera MX Christian Nodal,Banger!
Both Sides Now,Joni Mitchell,Ballad!
Boulevard of Broken Dreams,Green Day,Rock!
Bound 2,Kanye West,Happy!
boyfriend (with Social House),Ariana Grande,Duet!
Boys (Summertime Love),Sabrina,Happy!
Break Free,Ariana Grande,Soulful!
Break Stuff,Limp Bizkit,Banger!
Break Up,Mario,Soulful!
Breakaway,Kelly Clarkson,Banger!
Breakin' Dishes,Rihanna,Banger!
Breathe,The Prodigy,Banger!
Breathe,Blu Cantrell,Soulful!
Breathe,Faith Hill,Rock!
Breathe (In the Air),Pink Floyd,Rock!
Bridge Over Troubled Water,Simon and Garfunkel,Soulful!
Bring Him Home,Les Miserables,Soulful!
Bring it All Back,S Club 7,Banger!
Bring Me To Life,Evanescence,Soulful!
Bring Me To Life,Evanesence,Rock!
Brooklyn Baby,Lana Del Rey,Soulful!
Brown Eyed Girl,Van Morrison,Happy!
Brown Girl In The Ring,Boney M,Happy!
Brown Sugar,The Rolling Stones,Rock!
Brown-Eyed Girl,Van Morrison,Banger!
Bruises,Lewis Capaldi,Soulful!
Bubblegum Bitch,MARINA,Banger!
Bubbly,Colbie Caillat,Happy!
Buddy Holly,Weezer,Rock!
Buffalo Soldier,Bob Marley & The Wailers,Banger!
Bulletproof!,La Roux,Banger!
Burn,Ellie Goulding,Banger!
Burn,Usher,Banger!
Burning Down the House,Talking Heads,Happy!
Burning Heart,Survivor,Rock!
Burning Love,Elvis Presley,Soulful!
Busy Woman,Sabrina Carpenter,Happy!
Butterfly,Crazy Town,Banger!
BUTTERFLY EFFECT,Travis Scott,Banger!
Buttons,The Pussycat Dolls,Happy!
By the Way,Red Hot Chili Peppers,Rock!
Bye Bye Baby,The Bay City Rollers,Soulful!
Bye Bye Bye,N Sync,Banger!
Bye Bye Bye,*NSYNC,Happy!
Cake By The Ocean,DNCE,Banger!
California Dreamin',The Mamas And The Papas,Banger!
California Girls,Beach Boys,Happy!
California Gurls,Katy Perry & Snoop Dogg,Duet!
California Love,2Pac & Dr Dre,Banger!
California Love - Original Version,2Pac,Soulful!
Californication,Red Hot Chili Peppers,Rock!
Call Me Maybe,Carly Rae Jepsen,Happy!
Call me when you're sober,Evanescence,Soulful!
Call On Me,Eric Prydz,Banger!
Call on Me - Radio Mix,Eric Prydz,Happy!
Call Out My Name,The Weeknd,Soulful!
Call Your Girlfriend,Robyn,Banger!
Calm Down (with Selena Gomez),Rema,Duet!
Cambodia,Kim Wilde,Soulful!
Camera,Ed Sheeran,Soulful!
Can I Be Him,James Arthur,Ballad!
Can You Feel My Heart,Bring Me The Horizon,Rock!
Can You Feel the Love Tonight,Elton John,Soulful!
Can You Feel The Love Tonight?,Elton John,Ballad!
Can't Buy Me Love,The Beatles,Happy!
Can't Feel My Face,The Weeknd,Happy!
Can't Fight The Moonlight,LeAnn Rimes,Ballad!
Can't Get Enough of Your Love Babe,Barry White,Ballad!
Can't Get You out of My Head,Kylie Minogue,Happy!
Can't Help Falling In Love,Elvis Presley,Ballad!
Can't Hold Us (feat. Ray Dalton),Macklemore,Duet!
Can't Hold Us Down,Christina Aguilera,Soulful!
Can't Hold Us Down (feat. Lil' Kim),Christina Aguilera,Duet!
Can't Remember to Forget You (feat. Rihanna),Shakira,Duet!
Can't Stand Me Now,Libertines,Rock!
Can't Stop,Red Hot Chili Peppers,Rock!
Can't Stop Loving You,Phil Collins,Soulful!
Can't Stop the Music,The Village People,Happy!
CANCELLED!,Taylor Swift,Banger!
Candle in the Wind,Elton John,Soulful!
Candle in the Wind '97,Elton John,Soulful!
Candy,Doja Cat,Banger!
Candy Man,Sammy Davis Jr,Happy!
Candy Shop,50 Cent,Banger!
Candyman,Christina Aguilera,Happy!
Cant Help Falling in Love,Elvis Presley,Ballad!
Car's Outside,James Arthur,Ballad!
cardigan,Taylor Swift,Ballad!
Careless Whisper,George Michael,Soulful!
Carrie,Europe,Ballad!
Cartoon Heroes,Aqua,Happy!
Castle On The Hill,Ed Sheeran,Soulful!
Casual,Chappell Roan,Banger!
Cat's in the Cradle,Ugly Kid Joe,Soulful!
Caught in the Middle,A1,Banger!
Caught Up,Usher,Happy!
Cecilia,Simon & Garfunkel,Soulful!
ceilings,Lizzy McAlpine,Banger!
Celebration,Kool And The Gang,Happy!
Celebration,Madonna,Happy!
Centuries,Fall Out Boy,Rock!
Chain Gang,Sam Cooke,Soulful!
Chain of Fools,Aretha Franklin,Soulful!
Chamber Of Reflection,Mac DeMarco,Banger!
Champagne Coast,Blood Orange,Banger!
Champagne Supernova,Oasis,Soulful!
Chandelier,Sia,Soulful!
Changes,Ozzy & Kelly Osbourne,Duet!
Changes,2Pac,Soulful!
Chantaje (feat. Maluma),Shakira,Duet!
Chasing Cars,Snow Patrol,Soulful!
Chasing Pavements,Adele,Soulful!
Chattahoochee,Alan Jackson,Happy!
Cheap Thrills (feat. Sean Paul),Sia,Duet!
Cheerleader,Omi,Banger!
Cheerleader (Felix Jaehn Remix) - Radio Edit,OMI,Banger!
Chemtrails Over The Country Club,Lana Del Rey,Soulful!
Chicago,Michael Jackson,Banger!
Chicago Freestyle (feat. Giveon),Drake,Duet!
CHIHIRO,Billie Eilish,Soulful!
Chihuahua,DJ BoBo,Happy!
Chiquitita,Abba,Happy!
Chop Suey!,System Of A Down,Rock!
Cigarettes out the Window,TV Girl,Banger!
Cinnamon Girl,Lana Del Rey,Soulful!
Circles,Post Malone,Banger!
Cisco Kid,War,Rock!
Clarity,Zedd,Banger!
Classic,MKTO,Banger!
Cleanin' Out My Closet,Eminem,Soulful!
Cleaning Out My Closet,Eminem,Banger!
Climax,Usher,Banger!
Clint Eastwood,Gorillaz,Banger!
Clocks,Coldplay,Soulful!
Close To You,Gracie Abrams,Happy!
Closer,The Chainsmokers Halsey,Banger!
Closer,Ne-Yo,Soulful!
Closer,The Chainsmokers,Banger!
Club can't handle me,Flo-Rida & David Guetta,Banger!
Club Can't Handle Me (feat. David Guetta),Flo Rida,Duet!
Coal Miner's Daughter,Loretta Lynn,Banger!
Cocaine,Eric Clapton,Rock!
Coco Jamboo,Mr President,Happy!
Cold Cold Heart,Tony Bennett,Soulful!
Cold Heart (PNAU Remix),Elton John & Dua Lipa,Duet!
Cold Heart - PNAU Remix,Elton John,Soulful!
Colors of the Wind,Vanessa Williams,Soulful!
Come & Get It,Selena Gomez,Banger!
Come & Get Your Love,Redbone,Rock!
Come As You Are,Nirvana,Soulful!
Come Fly With Me,Frank Sinatra,Banger!
Come On Eileen,Dexys Midnight Runners,Banger!
Come On Over Baby (All I Want is You),Christina Aguilera,Soulful!
Come on over Baby (All I Want Is You) - Radio Version,Christina Aguilera,Banger!
Come to Me,P Diddy & Nicole Scherzinger,Duet!
Come Together,The Beatles,Rock!
Come Undone,Robbie Williams,Soulful!
Commander,Kelly Rowland & David Guetta,Banger!
Company,Justin Bieber,Banger!
Complicated,Avril Lavigne,Soulful!
Confessions Part II,Usher,Ballad!
Confident,Justin Bieber,Banger!
Congratulations,Post Malone,Banger!
Copacabana (At the Copa),Barry Manilow,Happy!
Copperhead Road,Steve Earle,Rock!
Cosmic Girl,Jamiroquai,Happy!
Cotton Eye Joe,Rednex,Happy!
Could I Have This Kiss Forever,Whitney Houston & Enrique Iglesias,Duet!
Could You Be Loved,Bob Marley,Happy!
Counting Stars,OneRepublic,Happy!
Country Grammar (Hot Shit),Nelly,Banger!
Country House,Blur,Rock!
Country Roads (Take Me Home),John Denver,Banger!
Crash and Burn,Savage Garden,Soulful!
Crawling,Linkin Park,Banger!
Crazy,Gnarls Barkley,Banger!
Crazy,Aerosmith,Rock!
Crazy,Seal,Soulful!
Crazy,K-Ci & JoJo,Banger!
Crazy In Love (feat. Jay-Z),Beyoncé,Banger!
Crazy Little Thing Called Love,Queen,Banger!
Creepin' (with The Weeknd & 21 Savage),Metro Boomin,Duet!
Crocodile Rock,Elton John,Rock!
Cruel Summer,Taylor Swift,Banger!
Cry For Me,The Weeknd,Soulful!
Cry Me A River,Michael Bublé,Ballad!
Cry Me A River,Justin Timberlake,Soulful!
Cry To Me,Duffy,Ballad!
Cryin',Aerosmith,Soulful!
Crying (duet),Roy Orbison,Duet!
Crying in the Rain,A-Ha,Ballad!
Cupid's Chokehold / Breakfast in America - Radio Mix,Gym Class Heroes,Ballad!
Da Doo Ron Ron (When He Walked Me Home),The Crystals,Happy!
Da Ya Think Im Sexy?,Rod Stewart,Happy!
Daddy Cool,Boney M,Happy!
Daddy Issues,The Neighbourhood,Banger!
DAISIES,Justin Bieber,Banger!
Dance Dance,Fall Out Boy,Rock!
Dance Dance Dance (Yowsah Yowsah Yowsah),Chic,Happy!
Dance The Night - From Barbie The Album,Dua Lipa,Banger!
Dance to the Music,Sly & The Family Stone,Happy!
Dance With My Father,Luther Vandross,Banger!
Dancing In The Dark,Bruce Springsteen,Rock!
Dancing On My Own,Calum Scott,Banger!
Dancing On My Own,Robyn,Banger!
Dancing On The Ceiling,Lionel Richie,Happy!
Dancing Queen,Abba,Banger!
Dancing With A Stranger (with Normani),Sam Smith,Duet!
Dandelions,Ruth B.,Banger!
Danger Zone,Kenny Loggins,Banger!
Dangerous Woman,Ariana Grande,Banger!
Dani California,Red Hot Chili Peppers,Rock!
Danza kuduro,Don Omar,Happy!
Danza Kuduro (feat. Don Omar),Lucenzo,Happy!
DARE (feat. Shaun Ryder & Roses Gabor),Gorillaz,Duet!
Dark Horse,Katy Perry & Juicy J,Duet!
David,Lorde,Happy!
Day 'N' Nite (Nightmare),Kid Cudi,Banger!
Day Tripper,The Beatles,Happy!
Daydream Believer,The Monkees,Banger!
Daylight,Taylor Swift,Ballad!
De Do Do Do De Da Da Da,The Police,Rock!
Dear Mr. President,Pink,Happy!
death bed (coffee for your head),Powfu,Banger!
Deceptacon,Le Tigre,Banger!
deja vu,Olivia Rodrigo,Banger!
Delicate,Taylor Swift,Ballad!
Delilah,Tom Jones,Soulful!
Demons,Imagine Dragons,Banger!
Der Kommissar,Falco,Banger!
Dernière danse,Indila,Banger!
Desert Rose,Sting & Cheb Mami,Duet!
Despacito,Luis Fonsi,Happy!
Despacito (Featuring Daddy Yankee),Luis Fonsi,Happy!
Desperado,The Eagles,Banger!
Devil In A New Dress,Kanye West,Happy!
Devil Went Down To Georgia,The Charlie Daniels Band,Happy!
Diamonds,Rihanna,Happy!
Diamonds From Sierra Leone,Kanye West,Banger!
Die Another Day,Madonna,Banger!
Die For You,Joji,Banger!
Die For You,The Weeknd,Soulful!
Die With A Smile,Lady Gaga,Ballad!
Die Young,Kesha,Happy!
Diet Pepsi,Addison Rae,Banger!
Dilemma,Nelly & Kelly Rowland,Duet!
Dinero,Trinidad Cardona,Banger!
Dip It Low,Christina Milian,Banger!
Dirrty,Christina Aguilera & Redman,Duet!
Dirrty (feat. Redman),Christina Aguilera,Banger!
Dirty Diana,Michael Jackson,Banger!
Dirty Little Secret,The All-American Rejects,Rock!
Disco Inferno,The Trammps,Happy!
Disturbia,Rihanna,Banger!
Ditto,NewJeans,Banger!
Dive,Ed Sheeran,Soulful!
DJ got us fallin' in love,Usher & Pitbull,Duet!
DJ Got Us Fallin' In Love (feat. Pitbull),Usher,Banger!
DJ Got Us Falling In Love,Usher & Pitbull,Duet!
Do I Wanna Know?,Arctic Monkeys,Rock!
Do it Again,Steely Dan,Banger!
Do The Conga,Black Lace,Happy!
Do They Know It's Christmas?,Band Aid,Duet!
Do Ya Think I'm Sexy?,Rod Stewart,Happy!
Do You Know (What It Takes),Robyn,Happy!
Do You Really Want to Hurt Me?,Culture Club,Banger!
Do You Want To,Franz Ferdinand,Rock!
Do-Re-Mi,The Sound Of Music,Banger!
Dock Of The Bay,Otis Redding,Soulful!
Doctor Jones,Aqua,Happy!
Does Your Mother Know,Abba,Happy!
Dog Days Are Over,Florence + The Machine,Banger!
Dolce Vita,Ryan Paris,Happy!
Don't,Ed Sheeran,Soulful!
Don't,Bryson Tiller,Banger!
Don't Be Cruel,Elvis Presley,Banger!
Don't Cha,The Pussycat Dolls,Happy!
Don't Cha?,Pussycat Dolls,Banger!
Don't Cry,Guns n' Roses,Rock!
Don't Cry For Me Argentina,Julie Covington,Ballad!
Don't Dream It's Over,Crowded House,Banger!
Don't Feel Like Crying,Sigrid,Banger!
Don't Go Breaking My Heart,Elton John,Banger!
Don't Know Why,Norah Jones,Ballad!
Don't Let Go (Love),En Vogue,Banger!
Don't Let Me Down,The Beatles,Soulful!
Don't Let Me Down,The Chainsmokers,Banger!
Don't Let the Sun Go Down On Me,George Michael & Elton John,Duet!
Don't Let The Sun Go Down On Me,Elton John,Soulful!
Don't Look Back in Anger,Oasis,Soulful!
Don't Phunk With My Heart,The Black Eyed Peas,Happy!
Don't speak,No Doubt,Rock!
Don't Stand So Close to Me,The Police,Rock!
Don't Start Now,Dua Lipa,Banger!
Don't Stop 'Til You Get Enough,Michael Jackson,Happy!
Don't Stop Believin',Journey,Banger!
Don't Stop Believin' (2022 Remaster),Journey,Banger!
Don't Stop Believing,Journey,Ballad!
Don't Stop Me Now,Queen,Rock!
Don't Stop Me Now - Remastered 2011,Queen,Rock!
Don't Stop Movin',S Club 7,Happy!
Don't Tell Me,Madonna,Banger!
Don't Worry Be Happy,Bobby McFerrin,Happy!
Don't You Worry Child,Swedish House Mafia & John Martin,Banger!
Don't You Worry Child - Radio Edit,Swedish House Mafia,Soulful!
Dont Be Cruel,Elvis Presley,Soulful!
Don’t Blame Me,Taylor Swift,Banger!
Don’t Say You Love Me,Jin,Ballad!
Don’t Worry I’ll Make You Worry,Sabrina Carpenter,Happy!
Down Down,Status Quo,Rock!
Down On the Corner,Creedence Clearwater Revival,Rock!
Down Under,Men At Work,Banger!
Dracula,Tame Impala,Rock!
Drag Me Down,One Direction,Happy!
Dragostea Din Tei,O-Zone,Happy!
Dream A Little Dream Of Me,The Mamas And The Papas,Banger!
Dream On,Aerosmith,Ballad!
Dreamer,Ozzy Osbourne,Soulful!
Dreamin,PARTYNEXTDOOR,Banger!
Dreamlover,Mariah Carey,Soulful!
Dreams,The Cranberries,Rock!
Dress,Taylor Swift,Soulful!
Drip Too Hard (Lil Baby & Gunna),Lil Baby,Duet!
Drive,The Cars,Soulful!
Drive,Incubus,Banger!
Driver's Licence,Olivia Rodrigo,Banger!
drivers license,Olivia Rodrigo,Banger!
Drop it Like It's Hot,Snoop Dogg & Pharrell Williams,Duet!
Drunk in Love (feat. Jay-Z),Beyoncé,Duet!
DtMF,Bad Bunny,Banger!
Duality,Slipknot,Rock!
Duelling Banjos,Eric Weissburg & Steve Mandell,Duet!
Dusk Till Dawn (feat. Sia) - Radio Edit,ZAYN,Duet!
Duvet,bôa,Banger!
Dynamite,BTS,Banger!
Dynamite,Taio Cruz,Happy!
DÁKITI,Bad Bunny,Banger!
E.T.,Katy Perry & Kanye West,Duet!
Earned It (Fifty Shades Of Grey),The Weeknd,Soulful!
Earth Song,Michael Jackson,Soulful!
Easy,The Commodores,Happy!
Easy On Me,Adele,Soulful!
Ebony & Ivory,Paul McCartney & Stevie Wonder,Duet!
Ebony And Ivory,Paul McCartney & Stevie Wonder,Duet!
Eenie Meenie,Sean Kingston and Justin Bieber,Duet!
Eenie Meenie,Sean Kingston,Happy!
Efecto,Bad Bunny,Banger!
Eight Days a Week,The Beatles,Banger!
Elastic Heart,Sia,Soulful!
Eldest Daughter,Taylor Swift,Banger!
Eleanor Rigby,The Beatles,Soulful!
Electric Avenue,Eddy Grant,Happy!
Electric Love,BØRNS,Ballad!
Electricity,Silk City & Dua Lipa,Duet!
Elizabeth Taylor,Taylor Swift,Banger!
Emotion,Destiny's Child,Soulful!
Empire State Of Mind,Jay Z & Alicia Keys,Duet!
Empire State Of Mind,JAY-Z,Banger!
Empire State Of Mind (Part II) Broken Down,Alicia Keys,Soulful!
End of Beginning,Djo,Banger!
End of the Road,Boyz II Men,Ballad!
Endless Love,Diana Ross & Lionel Richie,Duet!
Endless Love,Luther Vandross & Mariah Carey,Duet!
Endless Love (with Shania Twain),Lionel Richie,Duet!
Englishman In New York,Sting,Soulful!
Enter Sandman,Metallica,Rock!
EoO,Bad Bunny,Banger!
Epic,Faith No More,Rock!
Escape,Enrique Iglesias,Soulful!
Escape (The Pina Colada Song),Rupert Holmes,Banger!
Escape (The Piña Colada Song),Rupert Holmes,Banger!
Escapism.,RAYE,Banger!
Espresso,Sabrina Carpenter,Banger!
Eternal Flame,Bangles,Banger!
Eternal Flame,Atomic Kitten,Soulful!
Eternity,Robbie Williams,Banger!
Eternity,Alex Warren,Banger!
Euphoria,Loreen,Banger!
Euphoria (Eurovision Winner 2012 Sweden),Loreen,Banger!
Evacuate The Dancefloor,Cascada,Banger!
Even Flow,Pearl Jam,Rock!
Evergreen,Richy Mitch & The Coal Miners,Banger!
Everlong,Foo Fighters,Soulful!
Every Breath You Take,The Police,Banger!
Every Little Thing She Does is Magic,The Police,Rock!
Every Rose Has Its Thorn,Poison,Banger!
Every Teardrop Is a Waterfall,Coldplay,Soulful!
Everybody (Backstreets Back),Backstreet Boys,Banger!
Everybody Hurts,REM,Soulful!
Everybody Needs Somebody,Blues Brothers,Happy!
Everybody Needs Somebody To Love,The Blues Brothers,Happy!
Everybody Talks,Neon Trees,Banger!
Everybody Wants To Be A Cat,The Aristocats,Happy!
Everybody Wants To Rule The World,Tears For Fears,Banger!
Everybody's Changing,Keane,Soulful!
Everybody's Free (To Wear Sunscreen),Baz Luhrmann,Soulful!
Everybody's Talkin',Harry Nilsson,Soulful!
Everyday,Ariana Grande,Banger!
Everyday I Love You Less And Less,Kaiser Chiefs,Rock!
Everyday is a Winding Road,Sheryl Crow,Soulful!
Everyday People,Sly & The Family Stone,Banger!
everything i wanted,Billie Eilish,Soulful!
Everytime,Britney Spears,Soulful!
Everytime We Touch,Cascada,Banger!
Everytime We Touch - Radio Edit,Cascada,Banger!
Evil Woman,Electric Light Orchestra,Rock!
Exchange,Bryson Tiller,Banger!
Excited,M People,Rock!
exes,Tate McRae,Happy!
exile (feat. Bon Iver),Taylor Swift,Duet!
Exit Music (For A Film),Radiohead,Rock!
Eye Of The Tiger,Survivor,Rock!
EYES CLOSED (with ZAYN),JISOO,Duet!
Eyes Without A Face,Billy Idol,Rock!
F**k You/forget You,Cee-Lo Green,Banger!
Fade Into You,Mazzy Star,Banger!
Faded,Alan Walker,Banger!
Faint,Linkin Park,Banger!
Fair Trade (with Travis Scott),Drake,Duet!
Faith,George Michael,Happy!
Fake Plastic Trees,Radiohead,Rock!
Falling,Harry Styles,Happy!
Falling,Alicia Keys,Soulful!
Fame,Irene Cara,Banger!
Fame is a Gun,Addison Rae,Banger!
Family Affair,Mary J. Blige,Soulful!
Family Portrait,Pink,Soulful!
Fashion Killa,A$AP Rocky,Banger!
Fast Car,Luke Combs,Banger!
Fast Car,Tracy Chapman,Soulful!
Father And Son,Cat Stevens,Banger!
Father Figure,Taylor Swift,Banger!
Father Stretch My Hands Pt. 1,Kanye West,Happy!
favorite crime,Olivia Rodrigo,Banger!
FE!N (feat. Playboi Carti),Travis Scott,Duet!
Feather,Sabrina Carpenter,Happy!
Feel Good,Clara La San,Soulful!
Feel Good Inc,Gorillaz,Banger!
Feel Good Inc.,Gorillaz,Happy!
Feel It (From “Invincible”),d4vd,Soulful!
Feel It Still,Portugal. The Man,Soulful!
Feel So Close,Calvin Harris,Happy!
Feel So Close - Radio Edit,Calvin Harris,Banger!
Feel This Moment,Pitbull & Christina Aguilera,Duet!
Feel This Moment (feat. Christina Aguilera),Pitbull,Duet!
Feliz Navidad,José Feliciano,Happy!
Fergalicious,Fergie & will.i.am,Duet!
Fernando,Abba,Banger!
Fever,Peggy Lee,Banger!
Fields Of Gold,Eva Cassidy,Ballad!
Fields of Gold,Sting,Soulful!
Fight For Your Right To Party,Beastie Boys,Rock!
Fighter,Christina Aguilera,Banger!
Fill Me In,Craig David,Soulful!
Finesse - Remix; feat. Cardi B,Bruno Mars,Happy!
Fire,Kasabian,Rock!
Fire Burning,Sean Kingston,Happy!
Fire On Fire,Sam Smith,Soulful!
Fireball (feat. John Ryan),Pitbull,Duet!
Fireflies,Owl City,Banger!
Firestarter,The Prodigy,Banger!
Firestone,Kygo,Soulful!
Firework,Katy Perry,Banger!
Fit but You Know It,The Streets,Banger!
Fix You,Coldplay,Soulful!
Flashdance (What A Feeling),Irene Cara,Banger!
Flashdance... What a Feeling,Irene Cara,Happy!
Flashdance...What A Feeling,Irene Cara,Happy!
Flashing Lights,Kanye West,Happy!
Flat Beat,Mr Oizo,Banger!
Flowers,Miley Cyrus,Banger!
Fly Like an Eagle,Seal,Happy!
Fly Me To The Moon,Frank Sinatra,Soulful!
Fly Me To The Moon,Diana Krall,Banger!
Folded,Kehlani,Banger!
Follow Me,Uncle Kracker,Soulful!
Follow You Follow Me,Genesis,Soulful!
Folsom Prison Blues,Johnny Cash,Banger!
Foolish,Ashanti,Soulful!
Foolish Games,Jewel,Soulful!
Footloose,Kenny Loggins,Happy!
For Once in My Life,Stevie Wonder,Happy!
For the First Time,Mac DeMarco,Banger!
Forever Young,Alphaville,Soulful!
Forget You,Cee Lo Green,Banger!
Forget You!,Cee Lo Green,Happy!
Forgot About Dre,Dr. Dre,Banger!
Fortnight (feat. Post Malone),Taylor Swift,Ballad!
Fortunate Son,Creedence Clearwater Revival,Rock!
Fourth of July,Sufjan Stevens,Banger!
Freak Like Me,Sugababes,Banger!
Freak On a Leash,Korn,Banger!
Freaks,Surf Curse,Banger!
Free,Rumi,Banger!
Free Bird,Lynyrd Skynyrd,Rock!
Free Electric Band,Albert Hammond,Banger!
Free Fallin',Tom Petty,Ballad!
Free Your Mind,En Vogue,Happy!
Freedom,Wham,Banger!
Freedom,George Michael,Happy!
Freestyler,Bomfunk MCs,Banger!
Freeway of Love,Aretha Franklin,Soulful!
Friday I'm in Love,The Cure,Happy!
Friends,Chase Atlantic,Banger!
Friends In Low Places,Garth Brooks,Happy!
From Paris to Berlin,Infernal,Happy!
From The Start,Laufey,Banger!
Fuck It (I Don't Want You Back),Eamon,Soulful!
Fuck Love,XXXTENTACION,Ballad!
fukumean,Gunna,Banger!
Fulanito,Becky G El Alfa,Soulful!
Gabriela,KATSEYE,Banger!
Galvanize,The Chemical Brothers,Banger!
Galway Girl,Ed Sheeran,Soulful!
Gangnam Style,PSY,Banger!
Gangnam Style (강남 스타일),PSY,Happy!
Gangnam Style (강남스타일),PSY,Happy!
Gangsta's Paradise,Coolio,Banger!
Gasolina,Daddy Yankee,Banger!
Gata Only,FloyyMenor,Banger!
Genie In A Bottle,Christina Aguilera,Soulful!
Georgia On My Mind,Ray Charles,Soulful!
Get Back,The Beatles,Rock!
Get Down On It,Kool & The Gang,Happy!
Get Down Tonight,KC & The Sunshine Band,Happy!
Get Lucky,Daft Punk & Pharrell Williams,Happy!
Get Lucky (feat. Pharrell Williams & Nile Rodgers) - Radio Edit,Daft Punk,Happy!
Get Lucky (Radio Edit) [feat. Pharrell Williams and Nile Rodgers],Daft Punk,Duet!
Get The Party Started,Pink,Banger!
Get Up,Bob Marley and the Wailers,Banger!
Get Up (I Feel Like Being a) Sex Machine,James Brown,Happy!
Get Ur Freak On,Missy Elliott,Happy!
Getaway Car,Taylor Swift,Banger!
Gettin' Jiggy Wit It,Will Smith,Happy!
Ghetto Gospel,2Pac,Soulful!
Ghost Riders In The Sky,Blues Brothers,Banger!
Ghost Town,Kanye West,Happy!
Giant (with Rag'n'Bone Man),Calvin Harris,Soulful!
Gimme Gimme Gimme,Abba,Banger!
Gimme More,Britney Spears,Banger!
Gimme Shelter,The Rolling Stones,Rock!
Gimme Some Lovin',Spencer Davis Group,Banger!
Gimme! Gimme! Gimme! (A Man After Midnight),ABBA,Banger!
Gin And Juice,Snoop Dogg,Happy!
Girl,Destiny's Child,Soulful!
Girl Crush,Little Big Town,Happy!
Girl On Fire,Alicia Keys,Banger!
Girl， so confusing featuring lorde,Charli xcx,Banger!
Girlfriend,Avril Lavigne,Happy!
Girls Just Wanna Have Fun,Cyndi Lauper,Happy!
Girls Just Wanna Have Happy!,Cyndi Lauper,Happy!
Girls Just Want to Have Fun,Cyndi Lauper,Happy!
Girls Like You (feat. Cardi B) - Cardi B Version,Maroon 5,Duet!
Girls Need Love (with Drake) - Remix,Summer Walker,Duet!
Give Me Everything (feat. Nayer),Pitbull,Duet!
Give Me One Reason,Tracy Chapman,Soulful!
Give Peace a Chance,John Lennon,Happy!
Given Up,Linkin Park,Banger!
Glamorous,Fergie & Ludacris,Duet!
Glory Days,Bruce Springsteen,Rock!
Glue Song,beabadoobee,Banger!
Gnarly,KATSEYE,Banger!
Go Go Juice,Sabrina Carpenter,Happy!
Go Let It Out,Oasis,Rock!
God Bless the Child,Billie Holiday,Soulful!
God is a DJ,Faithless,Banger!
God is a woman,Ariana Grande,Soulful!
God Only Knows,The Beach Boys,Happy!
God Save the Queen,The Sex Pistols,Rock!
God's Plan,Drake,Banger!
Godzilla (feat. Juice WRLD),Eminem,Duet!
Going Under,Evanescence,Soulful!
Gold Digger,Kanye West,Happy!
Golden,HUNTR/X,Banger!
Golden Eye,Tina Turner,Banger!
golden hour,JVKE,Banger!
Goldfinger,Shirley Bassey,Soulful!
Gone,*NSYNC,Banger!
Gone Gone Gone,David Guetta,Happy!
good 4 u,Olivia Rodrigo,Banger!
Good Feeling,Flo-Rida,Happy!
Good Feeling,Flo Rida,Duet!
Good Golly,Little Richard,Rock!
Good Golly Miss Molly,Little Richard,Rock!
Good Luck， Babe!,Chappell Roan,Banger!
Good Vibrations,The Beach Boys,Happy!
Goodbye,Sabrina Carpenter,Happy!
Goodbye My Lover,James Blunt,Ballad!
Goodbye Yellow Brick Road,Elton John,Soulful!
goosebumps,Travis Scott,Banger!
Got My Mind Set On You,George Harrison,Happy!
Gotta Get Thru This,Daniel Bedingfield,Soulful!
Grace Kelly,MIKA,Happy!
Graceland,Paul Simon,Happy!
Great Balls Of Fire,Jerry Lee Lewis,Rock!
Greatest Love of All,Whitney Houston,Soulful!
greedy,Tate McRae,Happy!
Green Green Grass Of Home,Tom Jones,Banger!
Grenade,Bruno Mars,Soulful!
Guantanamera,Julio Iglesias,Happy!
Guantanamera,The Sandpipers,Happy!
Guess featuring billie eilish,Charli xcx,Banger!
Guilty,Barbra Streisand & Barry Gibb,Duet!
Hakuna Matata,Lion King,Banger!
Hall of Fame (feat. will.i.am),The Script,Duet!
Hallelujah,Alexandra Burke,Soulful!
Hallelujah,Jeff Buckley,Soulful!
Halley's Comet,Billie Eilish,Soulful!
Halo,Beyoncé,Soulful!
Happier,Marshmello,Banger!
happier,Olivia Rodrigo,Banger!
Happier Than Ever,Billie Eilish,Soulful!
Happiness,Alexis Jordan,Happy!
Happy,Pharrell Williams,Happy!
Happy - From \\Despicable Me 2,Pharrell Williams,Happy!
Happy - From Despicable Me 2,Pharrell Williams,Happy!
Happy New Year,ABBA,Banger!
Happy!,Pharrell Williams,Happy!
Hard Knock Life,Jay-Z,Banger!
Hard Times,Paramore,Rock!
Hard to Say I'm Sorry,Chicago,Ballad!
Harlem Shake,Baauer,Happy!
Hate It Or Love It,The Game,Banger!
Hate Me,Ellie Goulding,Soulful!
Havana (feat. Young Thug),Camila Cabello,Duet!
Have I Told You Lately,Rod Stewart,Soulful!
Have You Ever,S Club 7,Banger!
Have You Ever Really Loved a Woman?,Bryan Adams,Soulful!
Have You Ever Seen The Rain,Creedence Clearwater Revival,Rock!
Have You Ever Seen The Rain?,Creedence Clearwater Revival,Rock!
Have You Met Miss Jones?,Robbie Williams,Banger!
Hawái,Maluma,Banger!
He Stopped Loving Her Today,George Jones,Ballad!
He Wasn't Man Enough,Toni Braxton,Soulful!
Headlines,Drake,Banger!
Headlock,Imogen Heap,Banger!
Heart Attack,Demi Lovato,Ballad!
Heart Of Glass,Blondie,Banger!
Heart To Heart,Mac DeMarco,Ballad!
Heart-Shaped Box,Nirvana,Rock!
Heartbreak Hotel,Elvis Presley,Soulful!
Heartbreaker,Dionne Warwick,Soulful!
Heartless,The Weeknd,Soulful!
Heat Waves,Glass Animals,Banger!
Heathens,Twenty One Pilots,Rock!
Heather,Conan Gray,Happy!
Heaven,DJ Sammy,Soulful!
Heaven,Bryan Adams,Ballad!
Heaven is a Place On Earth,Belinda Carlisle,Happy!
Heavy On My Heart,Anastacia,Banger!
Hello,Adele,Soulful!
Hello,Lionel Richie,Ballad!
Hello Dolly,Louis Armstrong,Happy!
Hello I Love You Won't You Tell Me Your Name?,The Doors,Rock!
Help Me,Joni Mitchell,Soulful!
Help!,The Beatles,Rock!
Here & Now,Luther Vandross,Soulful!
Here Comes The Sun,The Beatles,Happy!
Here Comes The Sun - Remastered 2009,The Beatles,Happy!
Here I Go Again,Whitesnake,Rock!
Here With Me,Dido,Soulful!
Here Without You,3 Doors Down,Soulful!
Here You Come Again,Dolly Parton,Soulful!
Hero,Mariah Carey,Ballad!
Hero,Enrique Iglesias,Ballad!
Hero (feat. Josey Scott),Chad Kroeger,Rock!
Heroes,David Bowie,Banger!
Hey Baby,No Doubt,Banger!
Hey Baby,DJ Otzi,Banger!
Hey Baby (Drop It to the Floor) (feat. T-Pain),Pitbull,Duet!
Hey Baby (Radio Mix),DJ Ötzi,Banger!
Hey Baby (Uuh Aah),DJ Otzi,Banger!
Hey Brother,Avicii,Soulful!
Hey Daddy (Daddy's Home),USHER,Banger!
Hey Joe,Jimi Hendrix,Rock!
Hey Jude,The Beatles,Banger!
Hey Mama,The Black Eyed Peas,Banger!
Hey There Delilah,Plain White T's,Banger!
Hey Ya!,OutKast,Happy!
Hey， Soul Sister,Train,Soulful!
High Five,Sigrid,Banger!
High Hopes,Panic! At The Disco,Rock!
Higher,Creed,Rock!
Higher Ground,Stevie Wonder,Happy!
Higher Love,Kygo Whitney Houston,Banger!
Higher Power,Coldplay,Happy!
HIGHEST IN THE ROOM,Travis Scott,Banger!
Highway to Hell,AC/DC,Rock!
Highway To Hell,ACDC,Rock!
Him & I (with Halsey),G-Eazy,Duet!
Hips don't lie,Shakira & Wyclef Jean,Duet!
Hips Don't Lie (feat. Wyclef Jean),Shakira,Happy!
Hit 'Em Up - Single Version,2Pac,Soulful!
Hit 'Em Up Style (Oops!),Blu Cantrell,Banger!
Hit The Road Jack,Ray Charles,Happy!
Hit the Road Jack,Ray Charles,Banger!
Ho Hey,Lumineers,Rock!
Hold On,Chord Overstreet,Banger!
Hold On We're Going Home,Drake,Banger!
Hold The Line,Toto,Banger!
Holding Out For A Hero,Bonnie Tyler,Banger!
Hole In The Head,Sugababes,Happy!
Hollaback Girl,Gwen Stefani,Banger!
Holler,Spice Girls,Ballad!
Honesty,Billy Joel,Banger!
Honey,Taylor Swift,Banger!
Honey,Mariah Carey,Soulful!
Honky Tonk Woman,Rolling Stones,Rock!
Hooked On a Feeling,Blue Swede,Banger!
Hope,XXXTENTACION,Banger!
Hopelessly Devoted To You,Olivia Newton-John,Ballad!
Hopelessly Devoted To You,Grease,Duet!
Hot In Herre,Nelly,Banger!
Hot N Cold,Katy Perry,Happy!
Hot Stuff,Kygo Donna Summer,Banger!
Hot Stuff,Donna Summer,Happy!
Hotel,Montell Fish,Banger!
Hotel California,The Eagles,Rock!
Hotline Bling,Drake,Banger!
Hotter Than Hell,Dua Lipa,Banger!
Houdini,Eminem,Banger!
Hound Dog,Elvis Presley,Rock!
House Of Balloons / Glass Table Girls,The Weeknd,Soulful!
House of the Rising Sun,The Animals,Soulful!
House Tour,Sabrina Carpenter,Happy!
How Deep Is Your Love,Calvin Harris,Banger!
How Deep Is Your Love?,Bee Gees,Soulful!
How Do You Mend a Broken Heart,Bee Gees,Soulful!
How Do You Sleep?,Sam Smith,Soulful!
How It’s Done,HUNTR/X,Banger!
How to Save a Life,The Fray,Soulful!
How Will I Know,Whitney Houston,Banger!
How You Remind Me,Nickelback,Soulful!
Human,Rag'n'Bone Man,Soulful!
Human,The Killers,Banger!
HUMBLE,Kendrick Lamar,Banger!
HUMBLE.,Kendrick Lamar,Banger!
Hungry Heart,Bruce Springsteen,Rock!
Hurt,Johnny Cash,Soulful!
Hurts So Good,Astrid S,Soulful!
Hymn for the Weekend,Coldplay,Happy!
Hypnotize,Notorious BIG,Banger!
Hypnotize - 2014 Remaster,The Notorious B.I.G.,Banger!
I Adore You (feat. Daecolm),HUGEL,Duet!
I Ain't Worried,OneRepublic,Happy!
I Am A Man Of Constant Sorrow,Soggy Bottom Boys,Banger!
I am Yours,Jason Mraz,Ballad!
I Believe in a Thing Called Love,The Darkness,Rock!
I Believe in You & Me,Whitney Houston,Soulful!
I Believe In You And Me,Whitney Houston,Banger!
I Bet You Look Good On The Dancefloor,Arctic Monkeys,Rock!
I Can Do It With a Broken Heart,Taylor Swift,Banger!
I Can't Stop Loving You,Ray Charles,Ballad!
I Cry,Flo-Rida,Banger!
I Do I Do I Do I Do I Do,Abba,Happy!
I Don't Care (with Justin Bieber),Ed Sheeran,Duet!
I Don't Feel Like Dancin',The Scissor Sisters,Happy!
I Don't Like Mondays,The Boomtown Rats,Rock!
I Don't Wanna Miss A Thing,Aerosmith,Ballad!
I Don't Wanna Wait,David Guetta,Happy!
I Don’t Wanna Live Forever (Fifty Shades Darker),ZAYN,Soulful!
I Feel For You,Chaka Khan,Banger!
I Finally Found Someone,Barbra Streisand & Bryan Adams,Duet!
I Fought The Law,Clash,Rock!
I Fought the Law,The Bobby Fuller Four,Rock!
I Found A Boy,Adele,Ballad!
I Got a Woman,Ray Charles,Happy!
I Got You (I Feel Good),James Brown,Happy!
I got you babe,Sonny and Cher,Duet!
I Gotta Feeling,Black Eyed Peas,Happy!
I Guess That's Why They Call it the Blues,Elton John,Soulful!
I Had Some Help (Feat. Morgan Wallen),Post Malone,Duet!
I Have A Dream,Abba,Happy!
I Have Nothing,Whitney Houston,Soulful!
I Heard It Through The Grapevine,Marvin Gaye,Banger!
I Just Called To Say I Love You,Stevie Wonder,Soulful!
I Kissed A Girl,Katy Perry,Banger!
I Knew You Were Trouble.,Taylor Swift,Banger!
I KNOW ?,Travis Scott,Banger!
I Like It,Cardi B,Happy!
i like the way you kiss me,Artemas,Rock!
I Like You So Much Better When You're Naked,Ida Maria,Rock!
I Look To You,Whitney Houston,Ballad!
I Love It (clean version),Icona Pop & Charli XCX,Banger!
I Love It (feat. Charli XCX),Icona Pop,Happy!
I Love Rock 'N Roll,Joan Jett,Rock!
I Love Rock 'n' Roll,Joan Jett & The Blackhearts,Rock!
I Love Rock N Roll,Joan Jett and the Blackhearts,Rock!
i love you,Billie Eilish,Soulful!
I Love You So,The Walters,Ballad!
I Love You， I'm Sorry,Gracie Abrams,Happy!
I miss you， I’m sorry,Gracie Abrams,Happy!
I Need to Know,Marc Anthony,Banger!
I Need You,LeAnn Rimes,Soulful!
I Predict A Riot,Kaiser Chiefs,Rock!
I Put A Spell On You,Nina Simone,Soulful!
I Put a Spell on You,Screamin' Jay Hawkins,Soulful!
I Remember Everything (feat. Kacey Musgraves),Zach Bryan,Duet!
I Saw Her Standing There,The Beatles,Happy!
I Say a Little Prayer,Aretha Franklin,Happy!
I See Fire,Ed Sheeran,Soulful!
I See Fire - From \\The Hobbit - The Desolation Of Smaug,Ed Sheeran,Soulful!
I Shot the Sheriff,Bob Marley and the Wailers,Banger!
I Smoked Away My Brain (I'm God x Demons Mashup) (feat. Imogen Heap & Clams Casino),A$AP Rocky,Duet!
I Still Haven't Found What I'm Looking For,U2,Rock!
I Still Havent Found What Im Looking For,U2,Rock!
I Swear,All-4-One,Ballad!
I Think I Like You Better When You’re Gone,Reneé Rapp,Banger!
I Took A Pill In Ibiza - Seeb Remix,Mike Posner,Banger!
I Try,Macy Gray,Soulful!
I Turn To You,Melanie C,Soulful!
I Turn To You,Christina Aguilera,Soulful!
I Walk the Line,Johnny Cash,Banger!
I Wanna Be Your Dog,The Stooges,Rock!
I WANNA BE YOUR SLAVE,Måneskin,Rock!
I Wanna Be Yours,Arctic Monkeys,Ballad!
I Wanna Dance With Somebody,Whitney Houston,Happy!
I Wanna Dance With Somebody (Who Loves Me),Whitney Houston,Banger!
I Wanna Know What Love Is,Foreigner,Ballad!
I Want It That Way,Backstreet Boys,Soulful!
I Want To Break Free,Queen,Rock!
I Want to Hold Your Hand,The Beatles,Happy!
I Want to Know What Love Is,Foreigner,Soulful!
I Want You (She's So Heavy),The Beatles,Banger!
I Want You Back,The Jackson 5,Happy!
I Want You Back,N Sync,Banger!
I Want Your Sex,George Michael,Happy!
i was all over her,salvia palth,Banger!
I Was Made For Lovin' You,Kiss,Rock!
I Was Never There,The Weeknd,Soulful!
I Will Always Love You,Whitney Houston,Soulful!
I Will Survive,Gloria Gaynor,Banger!
I Will Wait,Mumford & Sons,Banger!
i wish i knew how to quit you,sombr,Banger!
I Write Sins Not Tragedies,Panic! At The Disco,Rock!
I'd Do Anything For Love (But I Won't Do That),Meat Loaf,Soulful!
I'd Lie For You (And That's The Truth),Meatloaf,Duet!
I'd Rather Go Blind,Etta James,Soulful!
I'll Make Love to You,Boyz II Men,Ballad!
I'll Never Fall In Love Again,Tom Jones,Soulful!
I'll Stand By You,The Pretenders,Soulful!
I'm a Believer,Smash Mouth,Happy!
I'm A Believer,The Monkees,Happy!
I'm A Fool To Want You,Billie Holiday,Soulful!
I'm a Slave 4 U,Britney Spears,Banger!
I'm Coming Out,Diana Ross,Happy!
I'm Every Woman,Whitney Houston,Banger!
I'm Gonna Be (500 miles),The Proclaimers,Happy!
I'm Gonna Getcha Good!,Shania Twain,Banger!
I'm Gonna Love You Just A Little Bit More,Barry White,Soulful!
I'm Gonna Make You Love Me,Diana Ross & The Supremes & The Temptations,Duet!
I'm Good (Blue),David Guetta,Happy!
I'm Like A Bird,Nelly Furtado,Soulful!
I'm Not in Love,10CC,Soulful!
I'm Not The Only One,Sam Smith,Soulful!
I'm On Fire,Bruce Springsteen,Soulful!
I'm Outta Love,Anastacia,Banger!
I'm Outta Love - Radio Edit,Anastacia,Banger!
I'm Real,Jennifer Lopez,Banger!
I'm Real (feat. Ja Rule) - Murder Remix,Jennifer Lopez,Duet!
I'm So Excited,The Pointer Sisters,Happy!
I'm So Lonesome I Could Cry,Hank Williams,Soulful!
I'm Still Standing,Elton John,Banger!
I'm Too Sexy,Right Said Fred,Happy!
I'm with You,Avril Lavigne,Ballad!
I'm Your Angel,Celine Dion & R Kelly,Duet!
I'm Your Baby Tonight,Whitney Houston,Soulful!
I'm Your Boogie Man,KC & The Sunshine Band,Happy!
I'm Yours,Jason Mraz,Soulful!
i'm yours,Isabel LaRosa,Banger!
I've Got You Under My Skin,Frank Sinatra,Banger!
I`m Not A Girl Not Yet A Woman,Britney Spears,Soulful!
Ice Ice Baby,Vanilla Ice,Happy!
IDGAF,Dua Lipa,Banger!
idontwannabeyouanymore,Billie Eilish,Soulful!
If I Ain't Got You,Alicia Keys,Soulful!
If I Could Turn Back Time,Cher,Banger!
If I Ever Lose My Faith in You,Sting,Happy!
If I Were A Boy,Beyonce,Soulful!
If I Were A Rich Man,Fiddler On The Roof,Happy!
If This World Were Mine,Luther Vandross,Soulful!
If Tomorrow Never Comes,Ronan Keating,Ballad!
If Tomorrow Never Comes,Garth Brooks,Soulful!
If We Ever Meet Again (Featuring Katy Perry),Timbaland,Duet!
If You Leave Me Now,Chicago,Soulful!
If You Love Somebody Set Them Free,Sting,Happy!
If You're Not The One,Daniel Bedingfield,Soulful!
Illegal,PinkPantheress,Banger!
Im a Man,Bo Diddley,Banger!
Imagine,Eva Cassidy,Ballad!
Imagine,John Lennon,Ballad!
Immigrant Song,Led Zeppelin,Rock!
Immortality,Celine Dion & Bee Gees,Duet!
Impossible,James Arthur,Ballad!
In Da Club,50 Cent,Banger!
In For The Kill,La Roux,Banger!
In My Life,The Beatles,Banger!
In My Place,Coldplay,Soulful!
In The Air Tonight,Phil Collins,Soulful!
In the Army Now,Status Quo,Rock!
In the End,Linkin Park,Banger!
In The Ghetto,Elvis Presley,Soulful!
In the Name of Love,Martin Garrix,Banger!
In The Navy,Village People,Banger!
In the Shadows,The Rasmus,Rock!
In The Still Of The Nite (I'll Remember),Boyz II Men,Ballad!
In the Summertime,Mungo Jerry,Happy!
In This Darkness,Clara La San,Banger!
In Your Eyes,Kylie Minogue,Ballad!
Independent Women Part 1,Destiny's Child,Banger!
Independent Women Pt. 1,Destiny's Child,Banger!
Infinity,Jaymes Young,Banger!
Infrunami,Steve Lacy,Banger!
International Love (feat. Chris Brown),Pitbull,Banger!
Into It,Chase Atlantic,Banger!
Into You,Ariana Grande,Banger!
Iris,The Goo Goo Dolls,Soulful!
Iron Man,Black Sabbath,Rock!
Ironic,Alanis Morisette,Happy!
Irreplaceable,Beyoncé,Soulful!
Irresistible,Jessica Simpson,Soulful!
Is There Someone Else?,The Weeknd,Soulful!
Island in the Sun,Harry Belafonte,Happy!
Islands in the Stream,Dolly Parton,Banger!
Islands in the Stream,Kenny Rogers & Dolly Parton,Duet!
Isn't She Lovely,Stevie Wonder,Happy!
It Ain't Me,Kygo & Selena Gomez,Soulful!
It Ain't Me (with Selena Gomez),Kygo,Banger!
It Depends (feat. Bryson Tiller),Chris Brown,Duet!
It Feels So Good,Sonique,Banger!
It Must Have Been Love,Roxette,Ballad!
It Must Have Been Love - From the Film Pretty Woman,Roxette,Ballad!
It Was a Good Day,Ice Cube,Happy!
It Wasn't Me,Shaggy,Banger!
It Will Rain,Bruno Mars,Soulful!
It's a Heartache,Bonnie Tyler,Soulful!
It's a Man's Man's Man's World,James Brown,Soulful!
It's Called: Freefall,Rainbow Kitten Surprise,Banger!
It's Gonna Be Me,*NSYNC,Banger!
It's Like That,Run DMC & Jason Nevins,Banger!
It's Like That,Mariah Carey,Banger!
It's My Life,Dr Alban,Banger!
It's My Life,No Doubt,Banger!
It's My Life,Bon Jovi,Rock!
It's Not Right But It's OK,Whitney Houston,Banger!
It's Not Unusual,Tom Jones,Banger!
It's Raining Men,Weather Girls,Happy!
It's Raining Men,Geri Halliwell,Banger!
Itsy Bitsy Teeny Weeny Yellow Polka Dot Bikini,Brian Hyland,Happy!
Ivy,Frank Ocean,Soulful!
Jackson,Johnny Cash & June Carter,Duet!
Jackson,Nancy Sinatra & Lee Hazlewood,Duet!
Jackson,Johnny Cash,Banger!
Jai Ho!,Pussycat Dolls,Happy!
Jai Ho! (You Are My Destiny),AR Rahman & Pussycat Dolls,Banger!
Jailbreak,AC/DC,Rock!
Jailhouse Rock,Elvis Presley,Rock!
Janie's Got a Gun,Aerosmith,Rock!
Jay Ho (you Are My Destiny),A R Rahman & The Pussycat Dolls,Banger!
Je T'Aime (Moi Non Plus),Jane Birkin & Serge Gainsbourg,Soulful!
Jealous Guy,Roxy Music,Banger!
Jealous Type,Doja Cat,Banger!
jealousy， jealousy,Olivia Rodrigo,Banger!
Jenny from the Block (feat. Jadakiss & Styles P.) - Track Masters Remix,Jennifer Lopez,Happy!
Jimmy Cooks (feat. 21 Savage),Drake,Duet!
Jingle Bell Rock,Bobby Helms,Banger!
Johnny B Goode,Chuck Berry,Rock!
Johnny B. Goode,Chuck Berry,Rock!
Jolene,Dolly Parton,Soulful!
Judas,Lady Gaga,Banger!
July,Noah Cyrus,Banger!
Jump,Van Halen,Rock!
JUMP,BLACKPINK,Banger!
Jump Around,House Of Pain,Banger!
Jumpin' Jumpin',Destiny's Child,Happy!
Juno,Sabrina Carpenter,Happy!
Just A Dream,Nelly,Banger!
Just a Girl,No Doubt,Rock!
Just Can’t Get Enough,Black Eyed Peas,Happy!
Just Dance,Lady Gaga,Banger!
Just Give Me a Reason (feat. Nate Ruess),P!nk,Duet!
Just Keep Watching (From F1® The Movie),Tate McRae,Happy!
Just Like a Pill,Pink,Soulful!
Just Like Heaven,The Cure,Soulful!
Just the Way You Are,Bruno Mars,Ballad!
Karma Chameleon,Culture Club,Happy!
Karma Police,Radiohead,Rock!
Kashmir,Led Zeppelin,Rock!
Kasmir,Led Zeppelin,Rock!
Kids,MGMT,Banger!
Kill Bill,SZA,Soulful!
Kill Em With Kindness,Selena Gomez,Soulful!
Killer Queen,Queen,Rock!
Killing In The Name,Rage Against The Machine,Rock!
Killing Me Softly With His Song,The Fugees,Soulful!
King For A Day,Pierce The Veil,Banger!
King Kunta,Kendrick Lamar,Banger!
King of Pain,The Police,Rock!
Kings & Queens,Ava Max,Banger!
Kiss,Prince and the Revolution,Happy!
Kiss From A Rose,Seal,Soulful!
Kiss It Better,Rihanna,Banger!
Kiss Me,Sixpence None The Richer,Ballad!
Kiss Me More (feat. SZA),Doja Cat,Duet!
Kiss Me Thru The Phone,Soulja Boy,Banger!
Kiss Me Thru The Phone,Soulja Boy & Sammie,Soulful!
Kiss Of Life,Sade,Soulful!
Knights Of Cydonia,Muse,Rock!
Knockin' On Heaven's Door,Guns N' Roses,Rock!
Knockin' On Heaven's Door,Bob Dylan,Soulful!
Knowing Me Knowing You,Abba,Happy!
Kokomo,Beach Boys,Happy!
Kryptonite,3 Doors Down,Rock!
Kryptonite,Three Doors Down,Rock!
Kung Fu Fighting,Carl Douglas,Banger!
La Bamba,Los Lobos,Happy!
La Camisa Negra,Juanes,Happy!
La Copa De La Vida,Ricky Martin,Happy!
La Isla Bonita,Madonna,Happy!
La Plena - W Sound 05,W Sound,Banger!
La Vie En Rose,Edith Piaf,Soulful!
lacy,Olivia Rodrigo,Banger!
Ladies Night,Kool & The Gang,Happy!
Lady Marmalade,Christina Aguilera & Pink & Mya,Duet!
Lady Marmalade (Voulez-Vous Coucher Aver Moi Ce Soir?),Christina Aguilera Lil' Kim Mya & Pink,Banger!
LALA,Myke Towers,Banger!
Landslide,The Dixie Chicks,Soulful!
Larger Than Life,Backstreet Boys,Banger!
Last Christmas,Wham!,Banger!
Last Friday Night (T.G.I.F.),Katy Perry,Happy!
Last Friday Night (TGIF),Katy Perry,Banger!
Last Resort,Papa Roach,Rock!
Lay All Your Love On Me,ABBA,Banger!
Lay Lady Lay,Bob Dylan,Soulful!
Le Freak,Chic,Banger!
Lean On (feat. MØ & DJ Snake),Major Lazer,Happy!
Lean On Me,Bill Withers,Soulful!
Learn to Fly,The Foo Fighters,Rock!
Leave (Get Out),JoJo,Soulful!
Leave (Get Out) - Radio Edit,JoJo,Soulful!
Leave Before You Love Me (with Jonas Brothers),Marshmello,Duet!
Leave The Door Open,Bruno Mars Anderson .Paak Silk Sonic,Soulful!
Leaving New York,REM,Soulful!
Leaving on a Jet Plane,Peter Paul & Mary,Soulful!
Left Outside Alone,Anastacia,Soulful!
Lemon Tree,Fool's Garden,Banger!
Let Down,Radiohead,Rock!
Let Her Go,Passenger,Soulful!
Let it Be,The Beatles,Soulful!
Let It Go (from Frozen),Idina Menzel,Banger!
Let It Happen,Tame Impala,Rock!
Let It Snow! Let It Snow! Let It Snow!,Dean Martin,Banger!
Let Me Blow Ya Mind,Eve & Gwen Stefani,Banger!
Let Me Down Slowly,Alec Benjamin,Banger!
Let Me Entertain You,Robbie Williams,Banger!
Let Me Love You,Mario,Ballad!
Let Me Love You,DJ Snake,Ballad!
Let Me Love You (Until You Learn To Love Yourself),Ne-Yo,Soulful!
LET THE WORLD BURN,Chris Grey,Rock!
Let's Dance,David Bowie,Happy!
Let's Get It On,Marvin Gaye,Happy!
Let's Get it Started,The Black Eyed Peas,Happy!
Let's Get It Started - Spike Mix,Black Eyed Peas,Happy!
Let's Get Loud,Jennifer Lopez,Happy!
Let's Groove,Earth Wind & Fire,Happy!
Let's Talk About Sex,Salt-N-Pepa,Happy!
Lets Get It On,Marvin Gaye,Soulful!
Levels - Radio Edit,Avicii,Banger!
Levitating,Dua Lipa,Banger!
Levitating (feat. DaBaby),Dua Lipa,Duet!
Life is a Highway,Tom Cochrane,Banger!
Life is a Highway,Rascal Flatts,Happy!
Life Is A Rollercoaster,Ronan Keating,Soulful!
Life On Mars,David Bowie,Banger!
Light My Fire,The Doors,Rock!
Lights - Single Version,Ellie Goulding,Soulful!
Like a Prayer,Madonna,Banger!
Like a Rolling Stone,Bob Dylan,Soulful!
Like a Stone,Audioslave,Rock!
Like a Tattoo,Sade,Soulful!
Like A Virgin,Madonna,Happy!
Like Him (feat. Lola Young),Tyler， The Creator,Duet!
like JENNIE,JENNIE,Banger!
Like That,Future,Banger!
Listen,Beyonce,Ballad!
Listen to Your Heart,Roxette,Ballad!
Little Dark Age,MGMT,Banger!
Little Lion Man,Mumford & Sons,Banger!
Little Man,Sonny & Cher,Duet!
Little Talks,Of Monsters and Men,Rock!
Live Is Life,Opus,Banger!
Livin' La Vida Loca,Ricky Martin,Happy!
Livin' On A Prayer,Bon Jovi,Rock!
Living For the City,Stevie Wonder,Banger!
Living in America,James Brown,Banger!
Living Next Door To Alice,Smokie,Happy!
Locked Away (feat. Adam Levine),R. City,Duet!
Locked out of Heaven,Bruno Mars,Soulful!
London Bridge,Fergie,Banger!
London Calling,The Clash,Rock!
Lonely,Akon,Soulful!
Lonely Day,System Of A Down,Rock!
Long As I Can See the Light,Creedence Clearwater Revival,Rock!
Long Tall Sally,Little Richard,Rock!
Long Way 2 Go,Cassie,Banger!
Look After You,The Fray,Soulful!
Look Away,Chicago,Rock!
Look What You Made Me Do,Taylor Swift,Banger!
Lookin' Out My Back Door,Creedence Clearwater Revival,Rock!
Lose Control,Missy 'Misdemeanor' Elliott,Banger!
Lose Control,Teddy Swims,Soulful!
Lose My Breath,Destiny's Child,Banger!
Lose My Mind (feat. Doja Cat) [From F1® The Movie],Don Toliver,Duet!
Lose Somebody,Kygo OneRepublic,Soulful!
Lose Yourself,Eminem,Banger!
Lose Yourself - From \\8 Mile\\ Soundtrack,Eminem,Banger!
Lose Yourself To Dance,Daft Punk & Pharrell Williams,Happy!
Lose Yourself to Dance (feat. Pharrell Williams),Daft Punk,Happy!
Loser,Beck,Banger!
Losing My Religion,REM,Soulful!
Lost in the Fire (feat. The Weeknd),Gesaffelstein,Duet!
Love & Marriage,Frank Sinatra,Soulful!
Love at First Sight,Kylie Minogue,Soulful!
Love Child,Diana Ross & The Supremes,Soulful!
Love Don't Cost a Thing,Jennifer Lopez,Happy!
Love Generation,Bob Sinclar Goleo VI & Gary 'Nesta' Pine,Happy!
Love Generation - Radio Edit,Bob Sinclar,Happy!
Love Hurts,Nazareth,Soulful!
Love is Here & Now You're Gone,The Supremes,Soulful!
Love Is Only A Feeling,Darkness,Rock!
Love Me Do,The Beatles,Happy!
Love Me Harder,Ariana Grande,Banger!
Love Me Like You Do - From \\Fifty Shades Of Grey,Ellie Goulding,Soulful!
Love Me Not,Ravyn Lenae,Ballad!
Love Me Tender,Elvis Presley,Soulful!
Love Me Tonight,Tom Jones,Soulful!
Love On The Brain,Rihanna,Banger!
Love Song,The Cure,Soulful!
Love Story,Taylor Swift,Ballad!
Love Theme From 'A Star is Born' (Evergreen),Barbra Streisand,Soulful!
Love Will Never Do (Without You),Janet Jackson,Soulful!
Love Will Tear Us Apart,Joy Division,Soulful!
Love You Inside Out,Bee Gees,Soulful!
Love You Like A Love Song,Selena Gomez & The Scene,Duet!
LOVE. FEAT. ZACARI.,Kendrick Lamar,Duet!
Lovefool,Cardigans,Rock!
lovely (with Khalid),Billie Eilish,Ballad!
Lovely Day,Bill Withers,Happy!
Lover,Taylor Swift,Ballad!
Lover， You Should've Come Over,Jeff Buckley,Soulful!
Loverboy,Billy Ocean,Soulful!
Loverboy,Mariah Carey,Soulful!
Lovers Rock,TV Girl,Ballad!
Lovesick Blues,Hank Williams,Soulful!
Lovesong,Adele,Soulful!
Lovestoned,Justin Timberlake,Banger!
Loving You,Minnie Riperton,Banger!
Low (feat. T-Pain),Flo Rida,Duet!
Low Life (feat. The Weeknd),Future,Duet!
Loyal (feat. Lil Wayne & Tyga),Chris Brown,Duet!
Lucid Dreams,Juice WRLD,Banger!
Lucille,Little Richard,Rock!
Lucky,Britney Spears,Soulful!
Lucy in the Sky With Diamonds,Elton John,Banger!
LUNA,Feid,Banger!
LUNCH,Billie Eilish,Soulful!
Lush Life,Zara Larsson,Banger!
luther (with sza),Kendrick Lamar,Duet!
L’AMOUR DE MA VIE,Billie Eilish,Soulful!
Ma Baker,Boney M,Happy!
Macarena,Los Del Rio,Happy!
Macho Man,The Village People,Happy!
Mack The Knife,Bobby Darin,Banger!
Mack the Knife,Louis Armstrong,Banger!
Magic Carpet Ride,Steppenwolf,Rock!
Magnetic,ILLIT,Banger!
Make It To Me,Sam Smith,Soulful!
Make No Sense,YoungBoy Never Broke Again,Banger!
make you mine,Madison Beer,Banger!
making the bed,Olivia Rodrigo,Banger!
Mama,Spice Girls,Banger!
Mama Said,Lukas Graham,Banger!
Mambo No 5 (A Little Bit of ...),Lou Bega,Happy!
Mambo No. 5,Lou Bega,Happy!
Mambo No.5,Lou Bega,Banger!
Mamma Mia,ABBA,Banger!
Man Down,Rihanna,Banger!
Man I Need,Olivia Dean,Soulful!
Man in the Mirror,Michael Jackson,Banger!
Man On The Moon,REM,Soulful!
Man! I Feel Like a Woman!,Shania Twain,Happy!
Man's Not Hot,Big Shaq,Banger!
Manchild,Sabrina Carpenter,Happy!
Maneater,Nelly Furtado,Banger!
Mangu,Fourtwnty,Banger!
Manic Monday,The Bangles,Happy!
Mannish Boy,Muddy Waters,Soulful!
Mantra,JENNIE,Banger!
Maps,Maroon 5,Duet!
Margaret (feat. Bleachers),Lana Del Rey,Duet!
Maria Maria,Santana,Happy!
Maria Maria (feat. The Product G&B),Santana,Happy!
Marlboro Rojo,Fuerza Regida,Banger!
Marry You,Bruno Mars,Ballad!
Mary's Boy Child/Oh My Lord,Boney M,Happy!
Mask Off,Future,Banger!
Material Girl,Madonna,Soulful!
Maui Wowie,Kid Cudi,Banger!
May It Be,Enya,Soulful!
Me & Bobby McGee,Janis Joplin,Banger!
Me Against the Music,Britney Spears & Madonna,Duet!
Me and the Devil,Soap&Skin,Banger!
Me Gustas Tu,Manu Chao,Banger!
Me Porto Bonito,Bad Bunny,Banger!
Me， Myself & I,G-Eazy,Duet!
Meet Me Halfway,Black Eyed Peas,Happy!
Melting,Kali Uchis,Banger!
Memories,Maroon 5,Duet!
Memory,Barbra Streisand,Ballad!
Men in Black,Will Smith,Banger!
Mercy,Duffy,Soulful!
Mercy,Shawn Mendes,Happy!
Message in a Bottle,The Police,Rock!
Messy,Lola Young,Banger!
Miami,Will Smith,Happy!
Michelle,The Beatles,Soulful!
Midnight City,M83,Banger!
Midnight Train to Georgia,Gladys Knight & The Pips,Soulful!
Milkshake,Kelis,Happy!
MILLION DOLLAR BABY,Tommy Richman,Banger!
Minnie the Moocher,Cab Calloway & his Cotton Club Orchestra,Soulful!
Mirrors,Justin Timberlake,Soulful!
Miss Independent,Ne-Yo,Soulful!
Mister Sandman,The Chordettes,Happy!
Mmm Mmm Mmm Mmm,Crash Test Dummies,Soulful!
Mmmbop,Hanson,Happy!
Mockingbird,Eminem,Banger!
MONACO,Bad Bunny,Banger!
Money For Nothing,Dire Straits,Rock!
Money Money Money,Abba,Banger!
Monkey Wrench,Foo Fighters,Rock!
Monster,Skillet,Banger!
Moon River,Andy Williams,Soulful!
Moon River,Henry Mancini,Soulful!
Moonlight,XXXTENTACION,Banger!
Moonlight,Kali Uchis,Banger!
More Than a Feeling,Boston,Banger!
More Than You Know,Axwell / Ingrosso,Banger!
Morning Has Broken,Cat Stevens,Soulful!
Moscow Mule,Bad Bunny,Banger!
Most Girls,P!nk,Banger!
Mother & Child Reunion,Paul Simon,Soulful!
Motivation,Normani,Happy!
Mountains,Biffy Clyro,Rock!
Move,Adam Port,Banger!
Move Your Body - Gabry Ponte Original Radio Edit,Eiffel 65,Banger!
Moves Like Jagger,Maroon 5 & Christina Aguilera,Duet!
Moves Like Jagger - Studio Recording From \\The Voice\\ Performance,Maroon 5,Happy!
Mr Bojangles,Nitty Gritty Dirt Band,Soulful!
Mr Brightside,The Killers,Rock!
Mr Lonely,Bobby Vinton,Soulful!
Mr Saxobeat,Alexandra Stan,Banger!
Mr Tambourine Man,The Byrds,Soulful!
Mr. Brightside,The Killers,Rock!
Mr. Saxobeat,Alexandra Stan,Happy!
Mrs Robinson,Simon & Garfunkel,Happy!
Ms Jackson,OutKast,Banger!
Ms. Jackson,Outkast,Happy!
Mundian to Bach Ke,Panjabi MC,Happy!
Murder On The Dance Floor,Sophie Ellis-Bextor,Banger!
Murder On The Dancefloor,Sophie Ellis-Bextor,Happy!
Music,Madonna,Happy!
Mustang Sally,Wilson Pickett,Banger!
My All,Mariah Carey,Soulful!
My Baby Just Cares For Me,Nina Simone,Soulful!
My Boo,Usher & Alicia Keys,Duet!
My Boy Only Breaks His Favorite Toys,Taylor Swift,Soulful!
My Favorite Things,The Sound Of Music,Soulful!
My Generation,The Who,Rock!
My Girl,The Temptations,Soulful!
My Heart Will Go On,Céline Dion,Ballad!
My Humps,Black Eyed Peas,Happy!
My Immortal,Evanesence,Ballad!
My Kind of Woman,Mac DeMarco,Banger!
My Love,Westlife,Soulful!
My Love,Justin Timberlake,Soulful!
My Love is Your Love,Whitney Houston,Happy!
My Love Mine All Mine,Mitski,Ballad!
My Man on Willpower,Sabrina Carpenter,Happy!
My Perogative,Britney Spears,Banger!
My Prerogative,Britney Spears,Banger!
My Sharona,The Knack,Rock!
my tears ricochet,Taylor Swift,Ballad!
My Way,Frank Sinatra,Soulful!
Mystical Magical,Benson Boone,Banger!
Nasty,Janet Jackson,Banger!
National Anthem,Lana Del Rey,Soulful!
Natural,Imagine Dragons,Banger!
Naturally,Selena Gomez & The Scene,Duet!
Nature Boy,Nat King Cole,Soulful!
Nature Boy,George Benson,Soulful!
Naughty Girl,Beyoncé,Banger!
Need to Know,Doja Cat,Banger!
Need You Tonight,INXS,Soulful!
Needed Me,Rihanna,Banger!
Nemo,Nightwish,Rock!
Never Be The Same Again,Melanie C,Soulful!
Never Ending Story,Limahl,Banger!
Never Getting Laid,Sabrina Carpenter,Happy!
Never Gonna Give You Up,Rick Astley,Banger!
Never Never Gonna Give Ya Up,Barry White,Soulful!
Neverita,Bad Bunny,Banger!
NEW DROP,Don Toliver,Banger!
New Person， Same Old Mistakes,Tame Impala,Rock!
New Rules,Dua Lipa,Banger!
New York New York,Frank Sinatra,Banger!
Ni**as In Paris,JAY-Z,Banger!
Nice To Each Other,Olivia Dean,Soulful!
Night Changes,One Direction,Happy!
Night Fever,Bee Gees,Happy!
NIGHTS LIKE THIS,The Kid LAROI,Banger!
Nightshift,The Commodores,Happy!
Nine Million Bicycles,Katie Melua,Soulful!
NO,Meghan Trainor,Happy!
No Brainer,DJ Khaled,Happy!
No Broke Boys,Disco Lines,Banger!
No Diggity,BLACKstreet & Dr Dre,Banger!
No Guidance (feat. Drake),Chris Brown,Duet!
No Hands (feat. Roscoe Dash & Wale),Waka Flocka Flame,Duet!
No Lie,Sean Paul,Banger!
No Limit,2 Unlimited,Banger!
No Me Conocen (Remix) [con DUKI Rei & Tiago PZK],BANDIDO,Banger!
NO ME QUIERO CASAR,Bad Bunny,Banger!
No Milk Today,Herman's Hermits,Banger!
No More Drama,Mary J. Blige,Soulful!
No More Lonely Nights,Paul McCartney,Soulful!
No More Tears (Enough is Enough),Barbra Streisand & Donna Summer,Duet!
No No No,Destiny's Child,Banger!
No One,Alicia Keys,Soulful!
No One Noticed,The Marías,Banger!
No Role Modelz,J. Cole,Banger!
No Scrubs,TLC,Banger!
No Surprises,Radiohead,Rock!
no tears left to cry,Ariana Grande,Soulful!
No Woman No Cry,Bob Marley,Soulful!
No. 1 Party Anthem,Arctic Monkeys,Rock!
Nobody Gets Me,SZA,Soulful!
Nobody Wants to Be Lonely,Ricky Martin & Christina Aguilera,Duet!
Nobody Wants to Be Lonely (with Christina Aguilera),Ricky Martin,Duet!
Nobody’s Son,Sabrina Carpenter,Happy!
NOKIA,Drake,Banger!
Non je ne regrette rien,Edith Piaf,Banger!
Nonsense,Sabrina Carpenter,Happy!
Norwegian Wood (This Bird Has Flown),The Beatles,Soulful!
not a lot， just forever,Adrianne Lenker,Ballad!
Not Afraid,Eminem,Banger!
Not Allowed,TV Girl,Banger!
Not Fair,Lily Allen,Banger!
Not Gonna Get Us,t.A.T.u.,Banger!
Not Like Us,Kendrick Lamar,Banger!
Not Ready To Make Nice,The Dixie Chicks,Soulful!
Not You Too (feat. Chris Brown),Drake,Duet!
Nothin' on You,BoB & Bruno Mars,Duet!
Nothing Compares 2 U,Sinead O'Connor,Ballad!
Nothing Else Matters,Metallica,Soulful!
Nothing's New,Rio Romeo,Banger!
Notion,The Rare Occasions,Banger!
Novacane,Frank Ocean,Soulful!
November Rain,Guns n' Roses,Rock!
Now You're Gone,Basshunter,Banger!
Nowhere Man,The Beatles,Soulful!
Nu Flow,Big Brovaz,Happy!
NUEVAYoL,Bad Bunny,Banger!
Numb,Linkin Park,Rock!
Numb / Encore,JAY-Z,Banger!
Numb/Encore,Jay-Z & Linkin Park,Banger!
nuts,Lil Peep,Banger!
Ob-La-Di Ob-La-Da,The Beatles,Happy!
Obsessed,Mariah Carey,Soulful!
ocean eyes,Billie Eilish,Soulful!
Often,The Weeknd,Soulful!
Oh,Ciara & Ludacris,Duet!
Oh Carolina,Shaggy,Banger!
Oh Happy Day,Sister Act,Happy!
Oh Pretty Woman,Roy Orbison,Happy!
Ojitos Lindos,Bad Bunny,Banger!
Ol' Man River,Paul Robeson,Soulful!
Old Pop in an Oak,Rednex,Happy!
Old Town Road,Lil Nas X,Banger!
Old Town Road - Remix,Lil Nas X Billy Ray Cyrus,Duet!
On Bended Knee,Boyz II Men,Ballad!
On The Floor,Jennifer Lopez,Happy!
On The Floor,Jennifer Lopez & Pitbull,Duet!
On the Road Again,Canned Heat,Happy!
On The Street Where You Live,My Fair Lady,Banger!
One,Metallica,Rock!
One,Mary J. Blige,Soulful!
One,Mary J Blige & U2,Duet!
One Kiss,Calvin Harris & Dua Lipa,Banger!
One Kiss (with Dua Lipa),Calvin Harris,Duet!
One Last Time,Ariana Grande,Banger!
One Moment in Time,Whitney Houston,Ballad!
One More Night,Maroon 5,Duet!
One More Time,Daft Punk,Banger!
One Night in Bangkok,Murray Head,Banger!
One Of The Girls (with JENNIE， Lily Rose Depp),The Weeknd,Duet!
one of wun,Gunna,Banger!
One Step Closer,Linkin Park,Banger!
One Sweet Day,Mariah Carey & Boyz II Men,Duet!
One Thing,Lola Young,Banger!
One Way or Another,Blondie,Banger!
Only Girl (In The World),Rihanna,Banger!
Only Girl In The World,Rihanna,Banger!
Only Love Can Hurt Like This,Paloma Faith,Ballad!
Only Sixteen,Sam Cooke,Soulful!
Only Time,Enya,Soulful!
Oops! I Did It Again,Britney Spears,Banger!
Oops!... I Did it Again,Britney Spears,Happy!
Oops!...I Did It Again,Britney Spears,Soulful!
Opalite,Taylor Swift,Banger!
Open Your Heart,Madonna,Banger!
Opposites Attract,Paula Abdul & The Wild Pair,Banger!
Or Nah (feat. The Weeknd， Wiz Khalifa & DJ Mustard) - Remix,Ty Dolla $ign,Duet!
Ordinary,Alex Warren,Banger!
Ordinary World,Duran Duran,Banger!
Original Prankster,Offspring,Rock!
Otherside,Red Hot Chili Peppers,Banger!
Otro Atardecer,Bad Bunny,Banger!
Our House,Madness,Happy!
Outside (feat. Ellie Goulding),Calvin Harris,Duet!
Over & Over,Nelly & Tim McGraw,Duet!
Over My Head (Cable Car),The Fray,Rock!
Over The Rainbow,Eva Cassidy,Ballad!
Over The Rainbow / What A Wonderful World,Israel Kamakawiwo'ole,Soulful!
Overload,The Sugababes,Banger!
Overnight Celebrity,Twista,Banger!
Overprotected - Radio Edit,Britney Spears,Banger!
Oye Como Va,Santana,Banger!
P.I.M.P.,50 Cent,Banger!
Pain,PinkPantheress,Banger!
Paint it Black,The Rolling Stones,Rock!
Paint It， Black,The Rolling Stones,Rock!
Papa Don't Preach,Madonna,Soulful!
Papa Was a Rollin Stone,The Temptations,Banger!
Papa Was a Rolling Stone,The Temptations,Soulful!
Papa's Got a Brand New Bag,James Brown,Happy!
Paparazzi,Lady GaGa,Banger!
Papas Got A Brand New Bag,James Brown,Happy!
Paper Planes,M.I.A.,Banger!
Paperback Writer,The Beatles,Soulful!
Paradise,Coldplay,Soulful!
Paradise City,Guns N' Roses,Rock!
Paranoid,Black Sabbath,Rock!
Paris,The Chainsmokers,Banger!
Part Of Me,Katy Perry,Soulful!
Part-Time Lover,Stevie Wonder,Banger!
party 4 u,Charli xcx,Banger!
Party In The U.S.A.,Miley Cyrus,Happy!
Party In The USA,Miley Cyrus,Happy!
Party Rock Anthem,LMFAO,Happy!
Passionfruit,Drake,Banger!
PASSO BEM SOLTO - Slowed,ATLXS,Banger!
Peaches (feat. Daniel Caesar & Giveon),Justin Bieber,Duet!
Penny Lane,The Beatles,Soulful!
Perfect,Ed Sheeran,Ballad!
PERRO NEGRO,Bad Bunny,Banger!
Personal Jesus,Depeche Mode,Soulful!
Phantom,EsDeeKid,Banger!
Photograph,Ed Sheeran,Soulful!
Physical,Dua Lipa,Banger!
Piano Man,Billy Joel,Banger!
Piece Of Me,Britney Spears,Banger!
Piece Of My Heart,Janis Joplin,Banger!
Pieces Of Me,Ashlee Simpson,Ballad!
PILLOWTALK,ZAYN,Soulful!
Pink + White,Frank Ocean,Soulful!
Pink Pony Club,Chappell Roan,Banger!
Pink Skies,Zach Bryan,Banger!
PIXELATED KISSES,Joji,Banger!
Play That Funky Music,Vanilla Ice,Happy!
Play That Funky Music,Wild Cherry,Happy!
Please Don't Go,KC & The Sunshine Band,Happy!
Please Me,Cardi B,Happy!
Please Mr Postman,The Carpenters,Soulful!
Please Please Me,The Beatles,Happy!
Please Please Please,Sabrina Carpenter,Happy!
Pocketful of Sunshine,Natasha Bedingfield,Soulful!
Poison,Alice Cooper,Rock!
Poker Face,Lady Gaga,Banger!
Pompeii,Bastille,Banger!
Pon de Replay,Rihanna,Banger!
Popular (with Playboi Carti & Madonna) - From The Idol Vol. 1 (Music from the HBO Original Series),The Weeknd,Duet!
positions,Ariana Grande,Banger!
Posso Até Não Te Dar Flores,DJ Japa NK,Banger!
Post Sex Clarity,Lola Young,Banger!
Pour Some Sugar On Me,Def Leppard,Rock!
POWER,Kanye West,Happy!
Power Trip (feat. Miguel),J. Cole,Duet!
Practice,Drake,Banger!
Prada,cassö,Banger!
Praise The Lord (Da Shine) (feat. Skepta),A$AP Rocky,Duet!
Pretender,The Foo Fighters,Rock!
Pretty Fly (For a White Guy),Offspring,Rock!
Pretty Fly For A White Guy,Offspring,Rock!
Price Tag,Jessie J & BoB,Duet!
Princess of China,Coldplay,Soulful!
Prisoner,Miley Cyrus & Dua Lipa,Duet!
Prisoner (feat. Dua Lipa),Miley Cyrus,Duet!
Private Dancer,Tina Turner,Soulful!
Problem,Ariana Grande,Banger!
Problem,Ariana Grande & Iggy Azalea,Duet!
Promiscuous,Nelly Furtado Timbaland,Duet!
Promiscuous,Nelly Furtado,Soulful!
Proud Mary,Ike & Tina Turner,Banger!
Proud Mary,Creedence Clearwater Revival,Rock!
Pump It,The Black Eyed Peas,Happy!
Pumped Up Kicks,Foster The People,Happy!
Pure Cocaine,Lil Baby,Banger!
Purple Haze,The Jimi Hendrix Experience,Rock!
Purple Pills,D12,Banger!
Purple Rain,Prince,Soulful!
PUSH 2 START,Tyla,Banger!
Push It,Salt 'n Pepa,Banger!
Push The Button,Sugababes,Happy!
Puttin' on the Ritz,Taco,Banger!
Pyramids,Frank Ocean,Soulful!
Que sera sera (Whatever will be will be),Doris Day,Ballad!
Queen of My Heart,Westlife,Ballad!
Quevedo: Bzrp Music Sessions， Vol. 52,Bizarrap,Banger!
Quit Playing Games (With My Heart),The Backstreet Boys,Ballad!
R U Mine?,Arctic Monkeys,Rock!
Radio Ga Ga,Queen,Rock!
Rags to Riches,Tony Bennett,Soulful!
Rain On Me,Lady Gaga & Ariana Grande,Duet!
Rain On Me (with Ariana Grande),Lady Gaga,Duet!
Rainy Night in Georgia,Brook Benton,Soulful!
Ramblin' Man,The Allman Brothers Band,Rock!
Ransom,Lil Tecca,Banger!
Rapper's Delight,Sugarhill Gang,Banger!
Rasputin,Majestic Boney M.,Banger!
Rasputin,Majestic,Banger!
Rasputin,Boney M,Happy!
Rawhide,Blues Brothers,Banger!
Ready Or Not,The Fugees,Soulful!
Rebel Rebel,David Bowie,Rock!
Rebel Yell,Billy Idol,Rock!
Red Red Wine,UB40,Happy!
Red Wine Supernova,Chappell Roan,Banger!
Redemption Song,Bob Marley,Soulful!
redrum,21 Savage,Banger!
Reflections,The Neighbourhood,Banger!
Rehab,Amy Winehouse,Banger!
Relax,Frankie Goes To Hollywood,Happy!
Relax Take It Easy,Mika,Happy!
Remember When,Alan Jackson,Ballad!
Reminder,The Weeknd,Soulful!
Replay,Iyaz,Banger!
Reptilia,The Strokes,Rock!
Respect,Aretha Franklin,Banger!
Revenge,XXXTENTACION,Banger!
Revolution,The Beatles,Soulful!
Revolving door,Tate McRae,Happy!
Rhythm Divine,Enrique Iglesias,Banger!
Rhythm is a Dancer,Snap,Banger!
Rhythm Of The Night,Corona,Banger!
Ribs,Lorde,Happy!
Ric Flair Drip (with Metro Boomin),Offset,Duet!
Rich Baby Daddy (feat. Sexyy Red & SZA),Drake,Duet!
Rich Girl,Gwen Stefani,Banger!
Ride,Twenty One Pilots,Rock!
Ride,Lana Del Rey,Soulful!
Riders On the Storm,The Doors,Rock!
Ridin',Chamillionaire,Banger!
Ridin' Solo,Jason Derulo,Banger!
Right My Wrongs,Bryson Tiller,Banger!
Right Round,Flo Rida,Duet!
Right Round,Flo-Rida & Ke$ha,Duet!
Right Thurr,Chingy,Banger!
Ring of Fire,Johnny Cash,Banger!
Ring Ring,Abba,Banger!
Riptide,Vance Joy,Banger!
Rise Like A Phoenix,Conchita Wurst,Banger!
River Deep - Mountain High,Ike and Tina Turner,Duet!
River Deep Mountain High,Ike & Tina Turner,Duet!
Rivers of Babylon,Boney M,Happy!
Roar,Katy Perry,Happy!
Rock Around The Clock,Bill Haley & His Comets,Rock!
Rock DJ,Robbie Williams,Happy!
Rock Me Amadeus,Falco,Banger!
Rock the Casbah,The Clash,Rock!
Rock You Like A Hurricane,Scorpions,Rock!
Rock Your Body,Justin Timberlake,Happy!
Rockabye (feat. Sean Paul & Anne-Marie),Clean Bandit,Duet!
Rocket Man,Elton John,Banger!
Rockin' All Over The World,Status Quo,Rock!
rockstar (feat. 21 Savage),Post Malone,Banger!
Roll Over Beethoven,Chuck Berry,Rock!
Rollin',Limp Bizkit,Banger!
Rollin' (Air Raid Vehicle),Limp Bizkit,Banger!
Rolling In The Deep,Adele,Soulful!
Romantic Homicide,d4vd,Banger!
Roses,The Chainsmokers,Banger!
Roses,OutKast,Soulful!
Round Round,The Sugababes,Banger!
Roxanne,The Police,Soulful!
Royals,Lorde,Happy!
Ruby,The Kaiser Chiefs,Rock!
Ruby Tuesday,The Rolling Stones,Rock!
Rude,MAGIC!,Banger!
Rude boy,Rihanna,Banger!
Ruin The Friendship,Taylor Swift,Banger!
Rumour Has It,Adele,Soulful!
Run,Leona Lewis,Soulful!
Run For Home,Lindisfarne,Banger!
run for the hills,Tate McRae,Happy!
Run The World (Girls),Beyonce,Banger!
Run This Town,Jay-Z Rihanna & Kanye West,Duet!
Runaway,Kanye West,Happy!
Runaway Train,Soul Asylum,Soulful!
Running Up That Hill,Kate Bush,Soulful!
Running Up That Hill (A Deal With God),Kate Bush,Soulful!
S Club Party,S Club 7,Banger!
S&M,Rihanna,Banger!
Sacrifice,Elton John,Soulful!
Sad Girl,Lana Del Rey,Soulful!
SAD!,XXXTENTACION,Banger!
Sadeness,Enigma,Soulful!
Sailor Song,Gigi Perez,Banger!
Sandstorm,Darude,Banger!
Sapphire,Ed Sheeran,Soulful!
Satisfaction,Rolling Stones,Rock!
Save the Last Dance For Me,The Drifters,Ballad!
Save The World,Swedish House Mafia,Banger!
Save Your Tears,The Weeknd,Banger!
Save Your Tears (Remix) (with Ariana Grande) - Bonus Track,The Weeknd,Duet!
Save Your Tears (with Ariana Grande) (Remix),The Weeknd,Duet!
Say It Loud - Im Black and Im Proud,James Brown,Banger!
Say It Right,Nelly Furtado,Soulful!
Say My Name,Destiny's Child,Happy!
Say Say Say,Paul McCartney & Michael Jackson,Duet!
Say So,Doja Cat,Banger!
Say Yes To Heaven,Lana Del Rey,Soulful!
Say You Say Me,Lionel Richie,Ballad!
Say You Won't Let Go,James Arthur,Ballad!
Say You'll Be There,Spice Girls,Banger!
Scar Tissue,Red Hot Chili Peppers,Rock!
Scared To Start,Michael Marcagi,Banger!
Scars,Papa Roach,Rock!
Scars To Your Beautiful,Alessia Cara,Banger!
Scatman (Ski-Ba-Bop-Ba-Dop-Bop),Scatman John,Happy!
Scatman's World,Scatman John,Happy!
School's Out,Alice Cooper,Rock!
Schools Out,Alice Cooper,Rock!
Scream & Shout,will.i.am,Duet!
Scream & Shout,Will.I.Am & Britney Spears,Duet!
Seasons in the Sun,Terry Jacks,Happy!
See You Again (feat. Charlie Puth),Wiz Khalifa,Duet!
See You Again (feat. Kali Uchis),Tyler， The Creator,Duet!
Self Esteem,Offspring,Rock!
Senorita,Justin Timberlake,Banger!
September,Earth Wind & Fire,Happy!
Set Fire To The Rain,Adele,Soulful!
Seven (feat. Latto) (Explicit Ver.),Jung Kook,Duet!
Seven Days,Craig David,Soulful!
Seven Nation Army,The White Stripes,Banger!
Sex Bomb,Tom Jones & Mousse T,Banger!
Sex On Fire,Kings of Leon,Rock!
Sex， Drugs， Etc.,Beach Weather,Banger!
Sexbomb,Tom Jones,Banger!
Sextape,Deftones,Banger!
Sexual Healing,Marvin Gaye,Banger!
Sexy & I Know It,Lmfao,Banger!
Sexy And I Know It,LMFAO,Happy!
Sexy Bitch (feat. Akon),David Guetta,Banger!
Sexy Chick (sexy Bitch),David Guetta & Akon,Banger!
Sexy Love,Ne-Yo,Soulful!
Sexyback,Justin Timberlake,Banger!
SexyBack (feat. Timbaland),Justin Timberlake,Banger!
Señorita,Shawn Mendes,Happy!
Shake It Off,Taylor Swift,Happy!
Shake It Out,Florence & The Machine,Happy!
Shake It To The Max (FLY) - Remix,MOLIY,Banger!
Shake Ya Ass,Mystikal,Banger!
Shake Ya Tailfeather,Nelly P Diddy & Murphy Lee,Banger!
Shake Your Groove Thing,Peaches And Herb,Happy!
Shalala Lala,Vengaboys,Happy!
Shallow,Lady Gaga and Bradley Cooper,Ballad!
Shallow,Lady Gaga,Banger!
Shape of My Heart,Backstreet Boys,Ballad!
Shape of You,Ed Sheeran,Banger!
Sharp Dressed Man,ZZ Top,Rock!
She,Charles Aznavour,Ballad!
She bangs,Ricky Martin,Happy!
She Bangs - English Version,Ricky Martin,Banger!
She Doesn't Mind,Sean Paul,Banger!
She Loves You,The Beatles,Happy!
She Wants To Move,N.E.R.D,Happy!
She Will,Lil Wayne,Banger!
She Will Be Loved,Maroon 5,Ballad!
She Wolf,Shakira,Banger!
She's a Lady,Tom Jones,Happy!
She's Always a Woman,Billy Joel,Banger!
Shiny Happy People,REM,Soulful!
Shiver,Natalie Imbruglia,Soulful!
Shivers,Ed Sheeran,Soulful!
Should I Stay or Should I Go,The Clash,Rock!
Show Me Love,WizTheMc,Ballad!
Show Me the Meaning of Being Lonely,Backstreet Boys,Ballad!
SHUM,Go_A,Banger!
Shut Up And Drive,Rihanna,Banger!
Shut up My Moms Calling,Hotel Ugly,Banger!
Si Antes Te Hubiera Conocido,KAROL G,Banger!
Si No Estás,iñigo quintero,Banger!
Sick & Tired,Anastacia,Banger!
Sick and Tired,Anastacia,Soulful!
SICKO MODE,Travis Scott,Banger!
Side To Side,Ariana Grande,Banger!
Sienna,The Marías,Banger!
Sign of the Times,Harry Styles,Happy!
Signs,Snoop Dogg & Charlie Wilson & Justin Timberlake,Happy!
Silence,Marshmello,Banger!
Silver Springs - 2004 Remaster,Fleetwood Mac,Banger!
Since U Been Gone,Kelly Clarkson,Rock!
Since you've been gone,Kelly Clarkson,Happy!
Sing,Travis,Soulful!
Single Ladies (Put A Ring On It),Beyonce,Banger!
Sir Duke,Stevie Wonder,Banger!
Sk8er Boi,Avril Lavigne,Happy!
Skin,Rag'n'Bone Man,Soulful!
SKINNY,Billie Eilish,Soulful!
Skinny Love,Bon Iver,Soulful!
Sky,Playboi Carti,Banger!
Skyfall,Adele,Soulful!
Sleeping Sun,Nightwish,Rock!
SLOW DANCING IN THE DARK,Joji,Banger!
Slow Down,Chase Atlantic,Banger!
Slow It Down,Benson Boone,Banger!
Slow Jamz,Twista,Banger!
Smack My Bitch Up,The Prodigy,Banger!
Smack That,Akon,Soulful!
Smack That,Akon & Eminem,Duet!
Smells Like Teen Spirit,Nirvana,Rock!
Smile,Lily Allen,Banger!
Smoke On The Water,Deep Purple,Rock!
Smooth Criminal,Alien Ant Farm,Rock!
Smooth Criminal,Michael Jackson,Banger!
Smooth Operator - Single Version,Sade,Soulful!
Snap Yo Fingers,Lil Jon,Banger!
Snooze,SZA,Soulful!
Snow (Hey Oh),Red Hot Chili Peppers,Rock!
So Easy (To Fall In Love),Olivia Dean,Soulful!
So High,Doja Cat,Banger!
So Long London,Taylor Swift,Soulful!
So Sick,Ne-Yo,Soulful!
So Yesterday,Hilary Duff,Banger!
Sober,Pink,Banger!
Soda Pop,Saja Boys,Banger!
Softcore,The Neighbourhood,Banger!
Soldier,Destiny's Child & T.I. & Lil' Wayne,Duet!
Soldier (feat. T.I. & Lil' Wayne),Destiny's Child,Duet!
Some Nights,fun.,Banger!
Somebody That I Used To Know,Gotye & Kimbra,Soulful!
Somebody That I Used To Know,Gotye,Banger!
Somebody to Love,Queen,Rock!
Somebody Told Me,The Killers,Rock!
Someday,Mariah Carey,Banger!
Someone like you,Adele,Ballad!
Someone to Call My Lover,Janet Jackson,Banger!
Someone You Loved,Lewis Capaldi,Soulful!
Somethin' Stupid,Robbie Williams & Nicole Kidman,Duet!
Somethin' Stupid,Nancy Sinatra & Frank Sinatra,Duet!
Something Just Like This,The Chainsmokers,Banger!
Sometimes,Britney Spears,Happy!
Somewhere,West Side Story,Ballad!
Somewhere Only We Know,Keane,Soulful!
Somewhere Over The Rainbow,Judy Garland,Soulful!
Son Of A Preacher Man,Dusty Springfield,Banger!
Song 2,Blur,Rock!
Sorry,Justin Bieber,Banger!
Sorry Seems to Be the Hardest Word,Blue & Elton John,Duet!
Sorry Seems To Be The Hardest Word,Elton John,Soulful!
Sorry Seems To Be The Hardest Word,Blue,Ballad!
SOS,Rihanna,Happy!
SOS (Rescue Me),Rihanna,Banger!
Soul Man,Sam and Dave,Banger!
Sound Of Silence,Simon & Garfunkel,Duet!
Space Man (Eurovision 2022 UK Entry),Sam Ryder,Banger!
Space Oddity,David Bowie,Banger!
Sparks,Coldplay,Ballad!
Speed of Sound,Coldplay,Soulful!
Spice Up Your Life,Spice Girls,Banger!
Spinning Around,Kylie Minogue,Banger!
Spinning Wheel,Blood Sweat & Tears,Banger!
Sports car,Tate McRae,Happy!
Springsteen,Eric Church,Banger!
Sprinter,Dave,Banger!
squabble up,Kendrick Lamar,Banger!
Stacy's Mom,Fountains of Wayne,Rock!
Stairway to Heaven,Led Zeppelin,Ballad!
Stairway to Heaven - Remaster,Led Zeppelin,Rock!
Stan,Eminem,Banger!
Stand By Me,Ben E King,Soulful!
Stand By Your Man,Tammy Wynette,Ballad!
Standing Next to You,Jung Kook,Banger!
Star Shopping,Lil Peep,Banger!
Starboy,The Weeknd,Soulful!
Stargazing,Myles Smith,Soulful!
Stargirl Interlude,The Weeknd,Soulful!
Starman,David Bowie,Banger!
Stars Are Blind,Paris Hilton,Banger!
Starships,Nicki Minaj,Banger!
Started From the Bottom,Drake,Banger!
Starway To Haven,Led Zeppelin,Ballad!
Stay,Rihanna,Soulful!
Stay,Rihanna & Mikky Ekko,Duet!
STAY (with Justin Bieber),The Kid LAROI,Duet!
Stay With Me,Sam Smith,Soulful!
Stayin' Alive,Bee Gees,Banger!
Steady As She Goes,The Raconteurs,Rock!
Steal My Girl,One Direction,Happy!
Stereo Hearts (feat. Adam Levine),Gym Class Heroes,Duet!
Stick Season,Noah Kahan,Banger!
Stickwitu,The Pussycat Dolls,Ballad!
Still D.R.E.,Dr. Dre,Banger!
Still into You,Paramore,Rock!
Stitches,Shawn Mendes,Happy!
Stole the Show,Kygo,Soulful!
Stop In The Name Of Love,Supremes,Banger!
Story Of My Life,One Direction,Happy!
Strange Fruit,Billie Holiday,Soulful!
Strategy,TWICE,Banger!
Strawberry Fields Forever,The Beatles,Soulful!
Streets,Doja Cat,Banger!
Streets Of London,Ralph McTell,Soulful!
Stressed Out,Twenty One Pilots,Rock!
Strong Enough,Cher,Banger!
Stronger,Kanye West,Happy!
Stronger,Britney Spears,Banger!
Stronger (What Doesn't Kill You),Kelly Clarkson,Banger!
Stuck in a Moment You Can't Get Out Of,U2,Soulful!
Stuck In The Middle With You,Stealers Wheel,Banger!
Stuck On You,Elvis Presley,Soulful!
Stuck with U (with Justin Bieber),Ariana Grande,Duet!
Style,Taylor Swift,Soulful!
Sucker,Jonas Brothers,Happy!
Sugar,Maroon 5,Duet!
Sugar (feat. Francesco Yates),Robin Schulz,Duet!
Sugar On My Tongue,Tyler， The Creator,Banger!
Sugar Sugar,Archies,Happy!
Sugar Talking,Sabrina Carpenter,Happy!
Sugar We're Going Down,Fall Out Boy,Rock!
Sultans of Swing,Dire Straits,Rock!
Summer,Calvin Harris,Banger!
Summer in the City,The Lovin' Spoonful,Banger!
Summer Nights,John Travolta and Olivia Newton John,Happy!
Summer Nights,Grease,Duet!
Summer Of '69,Bryan Adams,Rock!
Summer of 69,Bryan Adams,Rock!
Summertime,Billie Holiday,Soulful!
Summertime,Ella Fitzgerald,Soulful!
Summertime Sadness,Lana Del Rey,Soulful!
Sunday Bloody Sunday,U2,Rock!
Sunday Morning,Maroon 5,Soulful!
Sundress,A$AP Rocky,Banger!
Sunflower - Spider-Man: Into the Spider-Verse,Post Malone,Banger!
Sunny,Boney M,Happy!
Sunshine of Your Love,Cream,Happy!
Sunshine On My Shoulders,John Denver,Soulful!
Super Bass,Nicki Minaj,Banger!
Super Freak,Rick James,Banger!
Super Shy,NewJeans,Banger!
Super Trouper,Abba,Banger!
Supercalifragilisticexpialidocious,Mary Poppins,Happy!
Supercut,Lorde,Happy!
Superfly,Curtis Mayfield,Banger!
Superhero (Heroes & Villains) [with Future & Chris Brown],Metro Boomin,Duet!
Superman,Eminem,Banger!
Superman (It's Not Easy),Five for Fighting,Soulful!
Supermassive Black Hole,Muse,Rock!
supernatural,Ariana Grande,Banger!
Superstar,Jamelia,Happy!
Superstition,Stevie Wonder,Happy!
Sure Thing,Miguel,Banger!
Surfin' USA,The Beach Boys,Happy!
Survive,Lewis Capaldi,Soulful!
Survivor,Destiny's Child,Banger!
Suspicious Minds,Elvis Presley,Soulful!
Sweat (clean),Snoop Dogg & David Guetta,Banger!
Sweater Weather,The Neighbourhood,Ballad!
Sweet but Psycho,Ava Max,Banger!
Sweet Caroline,DJ Ötzi,Happy!
Sweet Child O' Mine,Guns n' Roses,Rock!
Sweet Child O'Mine,Guns N' Roses,Rock!
Sweet Child OMine,Guns n' Roses,Rock!
Sweet Dreams (Are Made of This),The Eurythmics,Banger!
Sweet Dreams (Are Made of This) - 2005 Remaster,Eurythmics,Banger!
Sweet Dreams Are Made Of This,Eurythmics,Banger!
Sweet Emotion,Aerosmith,Ballad!
Sweet Home Alabama,Lynyrd Skynyrd,Banger!
Sweet Home Chicago,The Blues Brothers,Happy!
Swim,Chase Atlantic,Banger!
Swimming Pools (Drank) - Extended Version,Kendrick Lamar,Banger!
Sympathy for the Devil,The Rolling Stones,Rock!
Symphony (feat. Zara Larsson),Clean Bandit,Duet!
São Paulo (feat. Anitta),The Weeknd,Duet!
T.N.T,AC/DC,Rock!
Take a Chance On Me,Abba,Banger!
Take It Off,Ke$ha,Banger!
Take Me Home Country Roads,John Denver,Banger!
Take Me Out,Franz Ferdinand,Rock!
Take Me To Church,Hozier,Soulful!
Take On Me,a-ha,Banger!
Take What You Want (feat. Ozzy Osbourne & Travis Scott),Post Malone,Duet!
Takedown,HUNTR/X,Banger!
TAKEDOWN (JEONGYEON， JIHYO， CHAEYOUNG),TWICE,Banger!
Taking What's Not Yours,TV Girl,Banger!
Talk,Coldplay,Soulful!
Talking to the Moon,Bruno Mars,Soulful!
Tarot,Bad Bunny,Banger!
Tattoo,Loreen,Banger!
Te Amo,Rihanna,Banger!
Team,Lorde,Banger!
Tears,Sabrina Carpenter,Happy!
Tears In Heaven,Eric Clapton,Soulful!
Teenage Dirtbag,Wheatus,Rock!
Teenage Dream,Katy Perry,Banger!
Teenage Fantasy,Jorja Smith,Soulful!
telepatía,Kali Uchis,Banger!
Telephone,Lady Gaga & Beyonce,Duet!
Temperature,Sean Paul,Banger!
Tennessee Whiskey,Chris Stapleton,Banger!
TEXAS HOLD 'EM,Beyoncé,Happy!
Thank God I Found You (feat. Joe & 98°),Mariah Carey,Banger!
thank u next,Ariana Grande,Happy!
thank u， next,Ariana Grande,Banger!
Thank You,Dido,Soulful!
Thank You For The Music,ABBA,Banger!
That Don't Impress Me Much,Shania Twain,Banger!
that way,Tate McRae,Happy!
That's Amore,Dean Martin,Banger!
That's Life,Frank Sinatra,Banger!
That's Not My Name,The Ting Tings,Happy!
That's the Way (I Like It),KC & The Sunshine Band,Happy!
That's the Way It Is,Céline Dion,Soulful!
That's What I Like,Bruno Mars,Soulful!
That’s So True,Gracie Abrams,Happy!
The 'A' Team,Ed Sheeran,Soulful!
The A Team,Ed Sheeran,Soulful!
The Adults Are Talking,The Strokes,Rock!
The Bad Touch,Bloodhound Gang,Banger!
The Best,Tina Turner,Banger!
The Best Things in Life Are Free,Luther Vandross & Janet Jackson,Duet!
The Black Parade,My Chemical Romance,Rock!
The Blonde,TV Girl,Banger!
The Box,Roddy Ricch,Banger!
The Boxer,Simon & Garfunkel,Soulful!
the boy is mine,Ariana Grande,Banger!
The Boys Are Back in Town,Thin Lizzy,Rock!
The Boys of Summer,Don Henley,Rock!
The Chain - 2004 Remaster,Fleetwood Mac,Banger!
The Closest Thing to Crazy,Katie Melua,Soulful!
The Color Violet,Tory Lanez,Banger!
The Cut That Always Bleeds,Conan Gray,Happy!
The Dead Dance,Lady Gaga,Banger!
The Devil Went Down to Georgia,Charlie Daniels Band,Banger!
The Door,Teddy Swims,Soulful!
The End,The Doors,Soulful!
The Fate of Ophelia,Taylor Swift,Banger!
The Final Countdown,Europe,Rock!
The Fox,Ylvis,Banger!
The Gambler,Kenny Rogers,Banger!
The Girl From Ipanema,Frank Sinatra,Banger!
The Girl From Ipanema,Stan Getz & Joao Gilberto,Soulful!
The Girl From Yesterday,The Eagles,Banger!
The Great Pretender,Queen,Rock!
THE GREATEST,Billie Eilish,Soulful!
The Heart Wants What It Wants,Selena Gomez,Soulful!
The Hero,Chad Kroeger,Rock!
The Hills,The Weeknd,Soulful!
The Irish Rover,Pogues & Dubliners,Banger!
The Joker,Steve Miller Band,Banger!
The Ketchup Song (Asereje),Las Ketchup,Happy!
The Ketchup Song (Aserejé) - Spanglish Version,Las Ketchup,Banger!
The Kill,Thirty Seconds To Mars,Banger!
The Lady Is A Tramp,Ella Fitzgerald,Banger!
The Lazy Song,Bruno Mars,Happy!
The Less I Know The Better,Tame Impala,Rock!
The Life of a Showgirl (feat. Sabrina Carpenter),Taylor Swift,Duet!
The Lion Sleeps Tonight,The Tokens,Happy!
The Living Daylights,A-Ha,Banger!
The Logical Song,Scooter,Banger!
The Long & Winding Road,The Beatles,Soulful!
The Look,Roxette,Banger!
The Look of Love,ABC,Soulful!
The Message,Grandmaster Flash & The Furious Five,Banger!
The Middle,Jimmy Eat World,Banger!
The Monster,Eminem,Banger!
The Monster,Eminem & Rihanna,Duet!
The Next Episode,Dr. Dre,Banger!
The Night They Drove Old Dixie Down,Joan Baez,Soulful!
The Night They Drove Old Dixie Down,The Band,Soulful!
The Night We Met,Lord Huron,Banger!
The Nights,Avicii,Banger!
The Only Exception,Paramore,Rock!
the perfect pair,beabadoobee,Banger!
The Power,Snap,Banger!
The Power of Love,Huey Lewis & The News,Rock!
The Pretender,Foo Fighters,Rock!
The Real Slim Shady,Eminem,Rock!
The Reason,Hoobastank,Rock!
The Rose,Bette Midler,Soulful!
The Scientist,Coldplay,Soulful!
The Shoop Shoop Song (It's in His Kiss),Cher,Happy!
The Show Must Go On,Queen,Rock!
The Sound Of Silence,Simon and Garfunkel,Soulful!
The Sounds of Silence,Simon & Garfunkel,Soulful!
The Subway,Chappell Roan,Banger!
The Sun Always Shines On TV,A-Ha,Banger!
The Sweet Escape,Gwen Stefani & Akon,Duet!
The Thrill is Gone,B.B. King,Soulful!
The Tide is High,Blondie,Happy!
The Tide is High (Get the Feeling),Atomic Kitten,Happy!
The Tide Is High - Radio Mix,Atomic Kitten,Soulful!
The Times They Are A-Changin,Bob Dylan,Soulful!
The Way I Are,Timbaland,Duet!
The Way You Look Tonight,Fred Astaire,Ballad!
The Way You Move,OutKast,Happy!
The Weight,The Band,Rock!
The Winner Takes it All,Abba,Banger!
There Are Worse Things I Could Do,Grease,Soulful!
There Is a Light That Never Goes Out - 2011 Remaster,The Smiths,Ballad!
There'll Be Sad Songs (To Make You Cry),Billy Ocean,Soulful!
There's Nothing Holdin' Me Back,Shawn Mendes,Happy!
These Boots Are Made For Walkin',Jessica Simpson,Banger!
These Boots Are Made For Walking,Nancy Sinatra,Happy!
Think,Aretha Franklin,Banger!
Thinking out Loud,Ed Sheeran,Soulful!
This Ain't A Scene It's An Arms Race,Fall Out Boy,Rock!
This Is America,Childish Gambino,Banger!
This Is What You Came For,Calvin Harris,Banger!
This Land Is Your Land,Pete Seeger,Banger!
This Love,Maroon 5,Banger!
Thnks fr th Mmrs,Fall Out Boy,Rock!
Thong Song,Sisqo,Banger!
Three Times a Lady,The Commodores,Soulful!
Thrift Shop,Macklemore & Ryan Lewis,Banger!
Thrift Shop (feat. Wanz),Macklemore & Ryan Lewis,Banger!
Thriller,Michael Jackson,Banger!
Thunder,Imagine Dragons,Banger!
Thunder Road,Bruce Springsteen,Rock!
Thunderstruck,AC/DC,Rock!
Ticket To Ride,The Beatles,Banger!
TiK ToK,Kesha,Happy!
Tik-Toc,Ke$ha,Banger!
Till I Collapse,Eminem,Banger!
Timber,Pitbull,Duet!
Timber,Pitbull & Ke$ha,Duet!
Timber (feat. Ke$ha),Pitbull,Duet!
Time of Our Lives,Pitbull,Duet!
Timeless (feat Playboi Carti),The Weeknd,Duet!
Times Like These,Foo Fighters,Rock!
Tiny Dancer,Elton John,Banger!
TIT FOR TAT,Tate McRae,Happy!
Titanium,David Guetta & Sia,Soulful!
Titanium (feat. Sia),David Guetta,Banger!
Tití Me Preguntó,Bad Bunny,Banger!
To All the Girls I've Loved Before,Julio Iglesias & Willie Nelson,Duet!
Todo De Ti,Rauw Alejandro,Banger!
Tokyo (Vampires & Wolves),Wombats,Rock!
Tonight (I'm F**kin' You),Enrique Iglesias & Ludacris,Duet!
Tonight (I'm Fuckin' You),Enrique Iglesias,Ballad!
Tonight (I'm Loving You),Enrique Iglesias & Ludacris,Banger!
Too Little Too Late,JoJo,Soulful!
Too Lost In You,Sugababes,Soulful!
Too Many Nights (feat. Don Toliver & with Future),Metro Boomin,Duet!
Too Much,Spice Girls,Banger!
Too Much Heaven,Bee Gees,Soulful!
Too Sweet,Hozier,Soulful!
Torn,Natalie Imbruglia,Banger!
Total Eclipse Of The Heart,Bonnie Tyler,Banger!
Touch,KATSEYE,Banger!
Touch My Body,Mariah Carey,Happy!
Tout l'univers,Gjon's Tears,Soulful!
Toxic,Britney Spears,Happy!
TOXIC (with Skepta),Playboi Carti,Duet!
toxic till the end,ROSÉ,Banger!
Toxicity,System Of A Down,Rock!
TQG,KAROL G,Banger!
Tragedy,Bee Gees,Happy!
Train Wreck,James Arthur,Ballad!
Training Season,Dua Lipa,Banger!
traitor,Olivia Rodrigo,Banger!
Trance (with Travis Scott & Young Thug),Metro Boomin,Duet!
Travellin' Band,Creedence Clearwater Revival,Rock!
Treasure,Bruno Mars,Soulful!
Treat You Better,Shawn Mendes,Happy!
Tribute,Tenacious D,Banger!
Trippin',Robbie Williams,Banger!
True Colors,Cyndi Lauper,Soulful!
True Faith,New Order,Soulful!
Try,P!nk,Banger!
Try a Little Tenderness,Otis Redding,Banger!
Try Again,Aaliyah,Soulful!
Tu Boda,Oscar Maydon,Banger!
TU SANCHO,Fuerza Regida,Banger!
Tubthumping,Chumbawamba,Happy!
Turn Me On (feat. Nicki Minaj),David Guetta,Duet!
Turn Off The Light,Nelly Furtado,Soulful!
Tutti Frutti,Little Richard,Rock!
Tutti-Frutti,Little Richard,Rock!
TV,Billie Eilish,Soulful!
Twist & Shout,The Beatles,Banger!
Type Shit,Future,Banger!
U Can't Touch This,MC Hammer,Happy!
U Know What's Up (feat. Lisa \\Left Eye\\ Lopes),Donell Jones,Duet!
U Remind Me,Usher,Soulful!
Ultraviolence,Lana Del Rey,Soulful!
Umbrella,Rihanna,Banger!
Umbrella,Rihanna and Jay Z,Happy!
Un Coco,Bad Bunny,Banger!
Un-Break My Heart,Toni Braxton,Ballad!
Unbreak My Heart,Toni Braxton,Ballad!
Unbreak My Heart (Spanish),Il Divo,Ballad!
Unbreakable,Westlife,Soulful!
Unchained Melody,Gareth Gates,Soulful!
Under Pressure,Queen & David Bowie,Duet!
Under The Boardwalk,The Drifters,Soulful!
Under The Bridge,Red Hot Chili Peppers,Soulful!
Under The Influence,Chris Brown,Banger!
Under The Sea,The Little Mermaid,Happy!
Underneath Your Clothes,Shakira,Soulful!
undressed,sombr,Banger!
Unfaithful,Rihanna,Soulful!
Unforgettable,French Montana,Banger!
Unforgettable,Natalie Cole & Nat King Cole,Duet!
Unstoppable,Sia,Soulful!
Until I Found You,Stephen Sanchez,Banger!
Until I Found You (with Em Beihold) - Em Beihold Version,Stephen Sanchez,Duet!
Until The End Of Time,2Pac,Banger!
Unwell,Matchbox Twenty,Soulful!
Unwritten,Natasha Bedingfield,Soulful!
Up Around the Bend,Creedence Clearwater Revival,Rock!
Uprising,Muse,Rock!
Upside Down,Diana Ross,Happy!
Uptight (Everything's Alright),Stevie Wonder,Happy!
Uptown Funk (feat. Bruno Mars),Mark Ronson,Happy!
Uptown Girl,Westlife,Happy!
Uptown girl,Billy Joel,Happy!
Use Somebody,Kings of Leon,Rock!
Valerie,Mark Ronson & Amy Winehouse,Happy!
Valerie ('68 version),Amy Winehouse,Banger!
Valerie (Acoustic),Amy Winehouse,Soulful!
Valerie (feat. Amy Winehouse) - Version Revisited,Mark Ronson,Banger!
vampire,Olivia Rodrigo,Banger!
Versace on the Floor,Bruno Mars,Soulful!
Vertigo,U2,Rock!
Video games,Lana Del Rey,Soulful!
Video Killed The Radio Star,Buggles,Happy!
Vienna,Billy Joel,Banger!
Viva La Vida,Coldplay,Happy!
Viva Las Vegas,Elvis Presley,Happy!
Vivo Per Lei,Andrea Bocelli & Giorgia,Soulful!
Vogue,Madonna,Banger!
Volare,Dean Martin,Happy!
Volare,Gipsy Kings,Happy!
Von dutch,Charli xcx,Banger!
Voulez Vous,Abba,Banger!
Wagon Wheel,Darius Rucker,Banger!
Wait a Minute!,WILLOW,Banger!
WAIT FOR U (feat. Drake & Tems),Future,Duet!
Waiting For Love,Avicii,Banger!
Waiting on the World to Change,John Mayer,Soulful!
Waka Waka,Shakira,Happy!
Wake Me Up,Avicii,Banger!
Wake Me Up,Avicii & Aloe Blacc,Banger!
Wake Me Up Before You Go Go,Wham!,Happy!
Wake Me up When September Ends,Green Day,Rock!
Wake Up,Hilary Duff,Banger!
Walk,Pantera,Rock!
Walk Like an Egyptian,The Bangles,Banger!
Walk On By,Dionne Warwick,Soulful!
Walk On the Wild Side,Lou Reed,Soulful!
Walk This Way,Run DMC & Aerosmith,Duet!
Walk This Way,Aerosmith,Duet!
Walk This Way,Run-DMC,Banger!
Walkin' On the Sun,Smash Mouth,Happy!
Walking In Memphis,Marc Cohn,Soulful!
Walking In Memphis,Cher,Banger!
Walking On A Dream,Empire Of The Sun,Banger!
Walking On Broken Glass,Annie Lennox,Soulful!
Walking On Sunshine,Katrina & The Waves,Happy!
Walking On the Moon,The Police,Rock!
Wannabe,Spice Girls,Banger!
Want You Back,Haim,Banger!
WAP (feat. Megan Thee Stallion),Cardi B,Banger!
War,Edwin Starr,Banger!
Washing Machine Heart,Mitski,Ballad!
watch,Billie Eilish,Soulful!
Watch Me (Whip / Nae Nae),Silentó,Banger!
Watch Me (Whip Nae Nae),Silento,Banger!
Water,Tyla,Banger!
Water Runs Dry,Boyz II Men,Ballad!
Waterfalls,TLC,Banger!
Waterloo,Abba,Banger!
Watermelon Sugar,Harry Styles,Happy!
Waves - Robin Schulz Radio Edit,Mr. Probz,Banger!
Wavin' Flag,K'Naan,Banger!
We Almost Broke Up Again Last Night,Sabrina Carpenter,Happy!
We Are Family,Sister Sledge,Banger!
We Are The Champions,Queen,Banger!
We Are The People,Empire Of The Sun,Banger!
We Are The World,USA For Africa,Banger!
We Are Young,Fun & Janelle Monae,Banger!
We Are Young (feat. Janelle Monáe),fun.,Duet!
We Built This City,Jefferson Starship,Rock!
we can't be friends (wait for your love),Ariana Grande,Banger!
We Can't Stop,Miley Cyrus,Banger!
We Didn't Start the Fire,Billy Joel,Soulful!
We Don't Need Another Hero,Tina Turner,Banger!
We Don't Need Another Hero (Thunderdome),Tina Turner,Banger!
We Don't Talk Anymore (feat. Selena Gomez),Charlie Puth,Duet!
we fell in love in october,girl in red,Rock!
We Found Love,Rihanna,Banger!
We Hug Now,Sydney Rose,Banger!
We Like to Party!,The Vengaboys,Happy!
we never dated,sombr,Ballad!
We No Speak Americano,Yolanda Be Cool & DCup,Banger!
We No Speak Americano (JT Radio Edit),Yolanda Be Cool,Happy!
We Will Rock You,Queen,Banger!
We're Going To Ibiza,Vengaboys,Banger!
We've Got Tonight,Ronan Keating,Duet!
Welcome to the Black Parade,My Chemical Romance,Rock!
Welcome To The Jungle,Guns N Roses,Rock!
West Coast,Lana Del Rey,Soulful!
Wet Dreamz,J. Cole,Banger!
wgft (feat. Burna Boy),Gunna,Duet!
What a Girl Wants,Christina Aguilera,Banger!
What A Wonderful World,Louis Armstrong,Happy!
What About Us,P!nk,Banger!
What Do You Mean,Justin Bieber,Banger!
What Do You Mean?,Justin Bieber,Banger!
What Goes Around Comes Around,Justin Timberlake,Soulful!
What Goes Around.../...Comes Around (Interlude),Justin Timberlake,Soulful!
What I Want (feat. Tate McRae),Morgan Wallen,Duet!
What I've Done,Linkin Park,Banger!
What is Love?,Haddaway,Banger!
What It Sounds Like,HUNTR/X,Banger!
What Makes You Beautiful,One Direction,Ballad!
What Was I Made For? [From The Motion Picture \\Barbie\\],Billie Eilish,Soulful!
What Was I Made For? [From The Motion Picture Barbie\\],Billie Eilish,Soulful!
What'd I Say,Ray Charles,Happy!
What's Going On,Marvin Gaye,Soulful!
What's Going On?,Marvin Gaye,Soulful!
What's Love Got to Do with It,Kygo Tina Turner,Banger!
What's Love Got To Do With It,Tina Turner,Banger!
What's New Pussycat?,Tom Jones,Banger!
What's Up?,4 Non Blondes,Banger!
Whatcha Say,Jason Derulo,Banger!
Whatever,Kygo,Happy!
Whatever It Takes,Imagine Dragons,Banger!
Whats Love Got to Do With It,Tina Turner,Banger!
Whatta Man,Salt-N-Pepa & En Vogue,Banger!
When a Man Loves a Woman,Percy Sledge,Ballad!
When Did You Get Hot?,Sabrina Carpenter,Happy!
When Doves Cry,Prince,Ballad!
When I Fall In Love,Nat King Cole,Soulful!
When I Was Your Man,Bruno Mars,Soulful!
When Love Takes Over,David Guetta & Kelly Rowland,Banger!
When Love Takes Over (feat. Kelly Rowland),David Guetta,Happy!
When the Going Gets Tough the Tough Get Going,Billy Ocean,Soulful!
when the party's over,Billie Eilish,Soulful!
When the Saints Go Marching In,Louis Armstrong,Happy!
When The Sun Goes Down,Arctic Monkeys,Rock!
When You Believe,Mariah Carey & Whitney Houston,Duet!
When You Say Nothing At All,Ronan Keating,Ballad!
When You Were Young,The Killers,Rock!
When You're Gone,Avril Lavigne,Soulful!
Whenever Wherever,Shakira,Banger!
Where Are U Now,Skrillex & Diplo & Justin Bieber,Banger!
Where Are Ü Now (with Justin Bieber),Jack Ü,Banger!
Where Did Our Love Go,The Supremes,Soulful!
Where Do Broken Hearts Go,Whitney Houston,Ballad!
Where Have You Been,Rihanna,Banger!
WHERE IS MY HUSBAND!,RAYE,Banger!
Where is the Love?,The Black Eyed Peas,Banger!
Where Is The Love?,Black Eyed Peas,Happy!
Where the Party At (feat. Nelly),Jagged Edge,Duet!
Where the Streets Have No Name,U2,Soulful!
Where the Wild Roses Grow,Nick Cave & The Bad Seeds & Kylie Minogue,Duet!
Where Them Girls At,David Guetta Flo-Rida & Nicki Minaj,Duet!
Where's My Love,SYML,Ballad!
Wherever You Will Go,The Calling,Ballad!
Which One (feat. Central Cee),Drake,Duet!
While My Guitar Gently Weeps,Santana,Soulful!
Whisky in the Jar,Thin Lizzy,Rock!
Whistle,Flo Rida,Duet!
Whistle,Flo-Rida,Banger!
White Ferrari,Frank Ocean,Soulful!
White Flag,Dido,Soulful!
White Rabbit,Jefferson Airplane,Rock!
White Wedding,Billy Idol,Rock!
Whiter Shade of Pale,Procol Harum,Soulful!
Who,Jimin,Banger!
Who Are You?,The Who,Rock!
Who Let The Dogs Out?,Baha Men,Happy!
Who'd Have Known,Lily Allen,Banger!
Who'll Stop the Rain,Creedence Clearwater Revival,Soulful!
Whole Lotta Love,Led Zeppelin,Rock!
Whole Lotta Rosie,AC/DC,Rock!
Whole Lotta Shakin Going On,Jerry Lee Lewis,Rock!
Whole Lotta Shakin' Goin' On,Jerry Lee Lewis,Rock!
Wholl Stop the Rain,Creedence Clearwater Revival,Rock!
Why Can't This Be Love?,Van Halen,Rock!
Why'd You Only Call Me When You're High?,Arctic Monkeys,Rock!
Wi$h Li$t,Taylor Swift,Banger!
Wicked Game,Chris Isaak,Soulful!
Wiggle (feat. Snoop Dogg),Jason Derulo,Duet!
Wild Ones (feat. Sia),Flo Rida,Duet!
Wildest Dreams,Taylor Swift,Banger!
WILDFLOWER,Billie Eilish,Ballad!
Wind Of Change,Scorpions,Rock!
Wind of Change,The Scorpions,Ballad!
Wish (feat. Trippie Redd) - Trippie Mix,Diplo,Duet!
Wish You Were Here,Pink Floyd,Ballad!
Witch Queen of New Orleans,Redbone,Rock!
With A Little Help From My Friends,Joe Cocker,Banger!
With a Little Help From My Friends,The Beatles,Banger!
With Arms Wide Open,Creed,Soulful!
With Every Heartbeat,Robyn,Soulful!
With Or Without You,U2,Ballad!
With You,Jessica Simpson,Banger!
Without Love (There Is Nothing),Tom Jones,Soulful!
Without Me,Halsey,Banger!
Without Me,Eminem,Banger!
Without You,Mariah Carey,Ballad!
Woman,Doja Cat,Banger!
Womanizer,Britney Spears,Banger!
Wonderful Tonight,Eric Clapton,Ballad!
Wonderwall,Oasis,Rock!
Wood,Taylor Swift,Banger!
Work,Rihanna,Banger!
Work,Rihanna & Drake,Duet!
Work B**ch,Britney Spears,Banger!
Work from Home (feat. Ty Dolla $ign),Fifth Harmony,Duet!
Work It,Missy 'Misdemeanor' Elliott,Banger!
Work Out,J. Cole,Banger!
would've been you,sombr,Banger!
Wrecking Ball,Miley Cyrus,Banger!
Writing's On The Wall - From \\Spectre\\ Soundtrack,Sam Smith,Soulful!
Wuthering Heights,Kate Bush,Soulful!
X Gon' Give It To Ya,DMX,Banger!
XO Tour Llif3,Lil Uzi Vert,Banger!
Y.M.C.A,Village People,Happy!
Y.M.C.A.,Village People,Banger!
Yeah,Usher,Banger!
Yeah!,Usher,Banger!
Yeah! (feat. Lil Jon & Ludacris),Usher,Banger!
Yellow,Coldplay,Soulful!
Yellow Submarine,The Beatles,Happy!
Yes! We Have No Bananas,Billy Jones,Happy!
Yester-Me Yester-You Yesterday,Stevie Wonder,Soulful!
Yesterday,Eva Cassidy,Ballad!
Yesterday,The Beatles,Soulful!
YMCA,The Village People,Happy!
Yonaguni,Bad Bunny,Banger!
You & I,One Direction,Duet!
You Are My Destiny,Paul Anka,Soulful!
You Are So Beautiful,Joe Cocker,Soulful!
You Are The Reason,Calum Scott,Banger!
You Are the Sunshine of My Life,Stevie Wonder,Happy!
You Belong With Me,Taylor Swift,Happy!
You Belong With Me (Taylor’s Version),Taylor Swift,Banger!
you broke me first,Tate McRae,Happy!
You Can Call Me Al,Paul Simon,Banger!
You Can't Hurry Love,The Supremes,Happy!
You Don't Bring Me Flowers,Barbra Streisand & Neil Diamond,Duet!
You Don't Know My Name,Alicia Keys,Soulful!
You Drive Me Crazy,Britney Spears,Banger!
You Get Me So High,The Neighbourhood,Banger!
You Give Love a Bad Name,Bon Jovi,Rock!
You Got it (The Right Stuff),New Kids On The Block,Happy!
You Keep Me Hangin' On,The Supremes,Banger!
You Keep Me Hanging On,The Supremes,Soulful!
You Know I'm No Good,Amy Winehouse,Soulful!
You Know My Name,Chris Cornell,Soulful!
You Oughta Know,Alanis Morissette,Soulful!
You Raise Me Up,Josh Groban,Ballad!
You Raise Me Up,Westlife,Ballad!
You Really Got Me,The Kinks,Rock!
You Right,Doja Cat,Banger!
You Rock My World,Michael Jackson,Banger!
You Sang To Me,Marc Anthony,Soulful!
You Sexy Thing,Hot Chocolate,Happy!
You Shook Me All Night Long,ACDC,Rock!
You Spin me 'round (Like a Record),Dead Or Alive,Banger!
You'll Be in My Heart,Phil Collins,Ballad!
You'll Be in My Heart,NIKI,Ballad!
You'll Never Walk Alone,Gerry & the Pacemakers,Soulful!
You're All I Have,Snow Patrol,Soulful!
You're Beautiful,James Blunt,Ballad!
You're Gonna Go Far Kid,The Offspring,Rock!
You're On Your Own， Kid,Taylor Swift,Ballad!
You're Sixteen You're Beautiful (And You're Mine),Johnny Burnette,Happy!
You're Still The One,Shania Twain,Soulful!
You're The First The Last My Everything,Barry White,Banger!
You're the First the Last My Everything,Barry White,Ballad!
You're the One That I Want,John Travolta & Olivia Newton-John,Duet!
You've Got A Friend,James Taylor,Banger!
Young Americans,David Bowie,Banger!
Young And Beautiful,Lana Del Rey,Soulful!
Young Dumb & Broke,Khalid,Duet!
Youngblood,5 Seconds of Summer,Happy!
Your Cheatin Heart,Hank Williams,Soulful!
Your Idol,Saja Boys,Banger!
Your Love Alone Is Not Enough (feat. Nina Persson),Manic Street Preachers,Duet!
Your Song,Elton John,Banger!
YUKON,Justin Bieber,Banger!
Yummy Yummy Yummy,Ohio Express,Happy!
Ziggy Stardust,David Bowie,Banger!
Zombie,The Cranberries,Rock!
Zorba The Greek,Mikis Theodorakis,Banger!
Échame La Culpa,Luis Fonsi,Happy!
